date,time,platform,kind,type,title,id,views,reach,likes,replies,reposts,quotes,shares,saved,permalink,error
2026-09-14,15:00,threads,꿀팁,text,사입 안 하셔도 됩니다.  주문 들어오면 본사에서 보냅니다. 창고도 필요,18095002028299561,3,,0,0,0,0,0,,https://www.threads.com/@today.cartvv/post/DdQmaYSmyv9,
2026-09-14,18:00,instagram,꿀팁,video,"사입 안 하셔도 됩니다.  찐한국은 위탁이라, 주문이 들어오면 본사에서 ",18072350198725126,,,,,,,,,,"400 Unsupported get request. Object with ID '18072350198725126' does not exist, cannot be loaded due to missing permissi"
2026-09-14,20:00,threads,꿀팁,text,공급가가 저렴합니다.  최소 수량은 문의 주시면 안내드립니다.  공구·셀,18116343739966009,3,,0,0,0,0,0,,https://www.threads.com/@today.cartvv/post/DdQ-nKom2pG,
2026-09-15,15:00,threads,꿀팁,text,"고무장갑, 주방세제, 핸드워시.  싱크대 앞에서 같이 쓰이는 것들입니다.",18104081416970190,4,,0,0,0,0,0,,https://www.threads.com/@today.cartvv/post/DdTBEz3EUdN,
2026-09-15,18:00,instagram,꿀팁,video,"주방에서 같이 쓰이는 것들입니다.  고무장갑, 주방세제, 핸드워시. 여기",18133121521638811,,,,,,,,,,"400 Unsupported get request. Object with ID '18133121521638811' does not exist, cannot be loaded due to missing permissi"
2026-09-15,20:00,threads,꿀팁,text,치약이랑 고체가글까지 붙으면 욕실 칸도 채워집니다.  한 브랜드로 카테고,18145915576595688,5,,0,0,0,0,0,,https://www.threads.com/@today.cartvv/post/DdTjaCzFmgz,
2026-09-16,15:00,threads,꿀팁,image,설명이 길어지는 상품은 전환이 느립니다.  좋은 물건인데도 '이게 뭔지',17983613354887130,8,,0,0,0,0,0,,https://www.threads.com/@today.cartvv/post/DdVl3u8lVY8,
2026-09-16,18:00,instagram,꿀팁,video,고무장갑 길이가 34cm입니다.  팔목까지 와서 물이 안으로 안 들어옵니,18221940613338072,,,,,,,,,,"400 Unsupported get request. Object with ID '18221940613338072' does not exist, cannot be loaded due to missing permissi"
2026-09-16,20:00,threads,꿀팁,image,매출은 사람 수가 아니라 장바구니 크기에서 갈립니다.  같은 100명한테,18117493616319141,15,,0,0,0,0,0,,https://www.threads.com/@today.cartvv/post/DdWINGijpWm,
2026-09-17,15:00,threads,꿀팁,image,기능을 열 줄 적는 것보다 장면 하나가 셉니다.  '보습 성분 함유'보다,17941519005090615,10,,0,0,0,0,0,,https://www.threads.com/@today.cartvv/post/DdYKqvSIOJG,
2026-09-17,18:00,instagram,꿀팁,video,색이 두 가지입니다.  그레이랑 퍼플. 주방 분위기에 맞춰 고르시면 됩니,18110825429465052,,,,,,,,,,"400 Unsupported get request. Object with ID '18110825429465052' does not exist, cannot be loaded due to missing permissi"
2026-09-17,20:00,threads,꿀팁,image,살 이유가 두 개인 상품은 거절당하기 어렵습니다.  '설거지 세제 필요하,18125422402857724,7,,0,0,0,0,0,,https://www.threads.com/@today.cartvv/post/DdYs_80FjqW,
2026-09-18,18:00,instagram,꿀팁,video,"주방세제 500ml, 레몬향이 납니다.  설거지 뒤가 상쾌하고, 세제 냄",17892466083609756,,,,,,,,,,"400 Unsupported get request. Object with ID '17892466083609756' does not exist, cannot be loaded due to missing permissi"
2026-09-18,20:00,threads,꿀팁,text,공구는 '뭘 파느냐'보다 '몇 번 여느냐'입니다.  한 번 크게 여는 것,18116591632756251,12,,0,0,0,0,0,,https://www.threads.com/@today.cartvv/post/DdbRyqsG1Ti,
2026-09-19,15:00,threads,꿀팁,image,"브랜드가 흩어지면 배송비가 두 번, 세 번 나갑니다.  주방용품은 A에서",18149876803484676,50,,0,0,0,0,0,,https://www.threads.com/@today.cartvv/post/DddUQb6m9WH,
2026-09-19,18:00,instagram,꿀팁,video,"고무장갑 특유의 냄새, 거의 안 납니다.  만들면서 세 번 씻어내거든요.",18313940992304425,,,,,,,,,,"400 Unsupported get request. Object with ID '18313940992304425' does not exist, cannot be loaded due to missing permissi"
2026-09-20,15:00,threads,꿀팁,image,후기가 잘 붙는 상품과 안 붙는 상품이 있습니다.  차이는 하나예요. 쓰,18191603557395148,12,,0,0,0,0,0,,https://www.threads.com/@today.cartvv/post/Ddf5DbeGwpr,
2026-09-20,18:00,instagram,꿀팁,video,한국인 손에 맞춰 만든 고무장갑입니다.  헐렁하지 않아서 오래 껴도 안 ,18338596633256451,,,,,,,,,,"400 Unsupported get request. Object with ID '18338596633256451' does not exist, cannot be loaded due to missing permissi"
2026-09-20,20:00,threads,꿀팁,image,반품과 클레임이 마진을 갉아먹습니다.  한 건 터지면 그날 판 것 여러 ,17868859161642456,13,,0,0,0,0,0,,https://www.threads.com/@today.cartvv/post/DdgbYj4lWa9,
2026-09-21,15:00,threads,꿀팁,image,같은 자리에 놓이는 물건끼리는 같이 팔립니다.  싱크대 앞이라는 자리가 ,18116549620935946,17,,1,0,0,0,0,,https://www.threads.com/@today.cartvv/post/Ddid2SmEaIW,
2026-09-21,18:00,instagram,꿀팁,video,"손 씻고 나서 안 당깁니다.  보습 성분이 세 가지 들어가고, 주방일로 ",18106297820353373,,,,,,,,,,"400 Unsupported get request. Object with ID '18106297820353373' does not exist, cannot be loaded due to missing permissi"
2026-09-21,20:00,threads,꿀팁,image,진입 장벽이 낮은 상품은 경쟁도 심합니다. 그래서 차이 한 줄이 필요해요,17908531659472124,9,,0,0,0,0,0,,https://www.threads.com/@today.cartvv/post/DdjA2CTkSZD,
2026-09-22,15:00,threads,꿀팁,image,소비자가 다시 안 사는 이유는 대부분 '쓰고 나서 불편함'입니다.  주방,18022501970870565,8,,0,0,0,0,0,,https://www.threads.com/@today.cartvv/post/DdlCpG1lWcb,
2026-09-22,18:00,instagram,꿀팁,video,물 없이 씹어서 쓰는 가글입니다.  한 알 씹고 헹구면 끝. 24정이 손,18219065671355996,,,,,,,,,,"400 Unsupported get request. Object with ID '18219065671355996' does not exist, cannot be loaded due to missing permissi"
2026-09-22,20:00,threads,꿀팁,text,한 번 팔고 끝나는 상품만 모으면 매달 처음부터 다시 시작합니다.  지난,18127679072496507,25,,0,0,0,0,0,,https://www.threads.com/@today.cartvv/post/Ddlk-MGGxoI,
2026-09-23,15:00,threads,꿀팁,image,설명이 길어지는 상품은 전환이 느립니다.  좋은 물건인데도 '이게 뭔지',17888474817617259,13,,0,0,0,0,0,,https://www.threads.com/@today.cartvv/post/Ddnnb7xFuuq,
2026-09-23,18:00,instagram,꿀팁,video,먹는 것도 씻을 수 있는 주방세제입니다.  식품에 직접 닿아도 안전한 성,18094194677647378,,,,,,,,,,"400 Unsupported get request. Object with ID '18094194677647378' does not exist, cannot be loaded due to missing permissi"
2026-09-23,20:00,threads,꿀팁,text,"셀러가 망하는 이유는 안 팔려서가 아니라, 돈이 재고에 묶여서입니다.  ",18490921666098251,52,,2,2,0,0,0,,https://www.threads.com/@today.cartvv/post/DdoJxDTG0YR,
2026-09-24,15:00,threads,꿀팁,text,공구 셀러가 놓치는 진짜 매출 포인트는 '재구매'입니다.  한 번 팔고 ,17971164192137636,3,,0,0,0,0,0,,https://www.threads.com/@today.cartvv/post/DdqMOsRkXLw,
2026-09-24,18:00,instagram,꿀팁,video,거품이 빨리 씻깁니다.  손에 미끈거림이 안 남아서 요리 바로 전에도 씁,17929942815409856,,,,,,,,,,"400 Unsupported get request. Object with ID '17929942815409856' does not exist, cannot be loaded due to missing permissi"
2026-09-24,20:00,threads,꿀팁,image,재구매를 만드는 건 가격이 아니라 '바꾸기 귀찮음'입니다.  쓰던 게 괜,17979158099912499,11,,0,0,0,0,0,,https://www.threads.com/@today.cartvv/post/Ddqy8ODm3cM,
2026-09-25,15:00,threads,꿀팁,text,단가가 낮은 품목 하나는 꼭 쥐고 계셔야 합니다.  메인만 팔면 장바구니,18636505060060190,16,,0,0,0,0,0,,https://www.threads.com/@today.cartvv/post/DdsxBheG6kN,
2026-09-25,18:00,instagram,꿀팁,video,"두께가 얇아서 손 감각이 살아 있습니다.  작은 그릇도 섬세하게 잡히고,",18113721671096438,,,,,,,,,,"400 Unsupported get request. Object with ID '18113721671096438' does not exist, cannot be loaded due to missing permissi"
2026-09-25,20:00,threads,꿀팁,text,안 팔리면 어떡하지. 이 걱정 때문에 시작을 못 하는 분들이 많습니다. ,18097778735272487,49,,1,1,1,0,0,,https://www.threads.com/@today.cartvv/post/DdtTWzlFokx,
2026-09-26,15:00,threads,꿀팁,text,"잘 팔리는 상품은 말이 많지 않습니다.  '이거 하나면 끝', '즉시 효",18131446090663786,6,,0,0,0,0,0,,https://www.threads.com/@today.cartvv/post/DdvV0cgEfH6,
2026-09-28,12:30,threads,꿀팁,text,"오늘의 꿀팁 🍯  하루 하나씩 알려드려요. 살림, 장보기, 생활 꿀팁. ",17935328514383877,4,,0,0,0,0,0,,https://www.threads.com/@today.cartvv/post/Dd0OPi9GwUK,
2026-09-28,12:30,instagram,꿀팁,video,"오늘의 꿀팁 🍯  하루 하나씩 알려드려요. 살림, 장보기, 생활 꿀팁. ",17862163878692814,55,54,1,0,,,0,0,https://www.instagram.com/reel/Dd0ORg5gqVB/,
2026-09-28,20:00,threads,꿀팁,text,대파 사 오면 바로 이렇게 해두세요.  한 단 사면 반은 시들어서 버리잖,17989547594859727,43,,0,0,0,0,0,,https://www.threads.com/@today.cartvv/post/Dd1FnmOmzHO,
2026-09-28,20:00,instagram,꿀팁,video,대파 사 오면 바로 이렇게 해두세요.  한 단 사면 반은 시들어서 버리잖,17968572053961876,116,105,0,0,,,0,0,https://www.instagram.com/reel/Dd1FpdNjarT/,
2026-09-29,08:00,threads,꿀팁,text,"전자레인지 찌든 때, 박박 문지르지 마세요.  안쪽 코팅에 흠집 나면 그",18167592409414490,52,,0,0,0,0,0,,https://www.threads.com/@today.cartvv/post/Dd2UI3uj8iy,
2026-09-29,08:00,instagram,꿀팁,video,"전자레인지 찌든 때, 박박 문지르지 마세요.  안쪽 코팅에 흠집 나면 그",18130204792773845,56,56,2,0,,,0,0,https://www.instagram.com/reel/Dd2ULGRCuHG/,
2026-09-29,12:30,threads,꿀팁,text,"계란, 냉장고 문 칸에 두고 계시죠?  냉장고 살 때 문에 계란 칸이 있",17965949802190014,9,,0,0,0,0,0,,https://www.threads.com/@today.cartvv/post/Dd2zCaFDcPF,
2026-09-29,12:30,instagram,꿀팁,video,"계란, 냉장고 문 칸에 두고 계시죠?  냉장고 살 때 문에 계란 칸이 있",18111291203127793,138,122,1,0,,,0,0,https://www.instagram.com/reel/Dd2zExRDFP9/,
2026-09-29,20:00,threads,꿀팁,text,밥은 식기 전에 얼리세요.  남은 밥 식혀서 얼렸다가 데우면 푸석푸석하죠,18073394828727283,22,,0,0,0,0,0,,https://www.threads.com/@today.cartvv/post/Dd3peicIGrU,
2026-09-29,20:00,instagram,꿀팁,video,밥은 식기 전에 얼리세요.  남은 밥 식혀서 얼렸다가 데우면 푸석푸석하죠,18100168961326769,140,120,1,0,,,0,0,https://www.instagram.com/reel/Dd3pg_ACd9o/,
2026-09-30,08:00,threads,꿀팁,text,"마트 장보기, 순서만 바꿔도 달라요.  입구 들어가자마자 냉동 코너부터 ",17929031706420205,17,,1,0,1,0,0,,https://www.threads.com/@today.cartvv/post/Dd447wbFXAp,
2026-09-30,12:30,threads,꿀팁,text,유통기한 지났다고 바로 버리지 마세요.  요즘 식품엔 유통기한 대신 '소,18362796253301374,12,,2,0,2,0,0,,https://www.threads.com/@today.cartvv/post/Dd5X1SPFv75,
2026-09-30,12:30,instagram,꿀팁,video,유통기한 지났다고 바로 버리지 마세요.  요즘 식품엔 유통기한 대신 '소,18106766072218190,44,38,3,0,,,0,0,https://www.instagram.com/reel/Dd5X3mvkzEc/,
2026-09-30,20:00,threads,꿀팁,text,"감자랑 양파, 같이 두면 안 돼요.  둘 다 서늘한 데 두라고 해서 한 ",17973265224148668,31,,5,0,3,0,0,,https://www.threads.com/@today.cartvv/post/Dd6LVM_ljbT,
2026-09-30,20:00,instagram,꿀팁,video,"감자랑 양파, 같이 두면 안 돼요.  둘 다 서늘한 데 두라고 해서 한 ",18112655752845012,115,106,2,0,,,0,0,https://www.instagram.com/reel/Dd6LXy2jxNn/,
2026-10-01,08:00,threads,꿀팁,text,"싱크대 배수구 냄새, 이렇게 잡아요.  락스 붓고 끝내면 그때뿐이고 며칠",18136350610724514,50,,0,0,0,0,0,,https://www.threads.com/@today.cartvv/post/Dd7dun9D3o0,
2026-10-01,08:00,instagram,꿀팁,video,"싱크대 배수구 냄새, 이렇게 잡아요.  락스 붓고 끝내면 그때뿐이고 며칠",18382395433224817,122,116,1,0,,,0,0,https://www.instagram.com/reel/Dd7dw7HCfLV/,
2026-10-01,12:30,threads,꿀팁,text,세제 많이 넣는다고 더 깨끗해지지 않아요.  빨래 많을 때 세제 한 번 ,18333665632302543,49,,0,0,0,0,0,,https://www.threads.com/@today.cartvv/post/Dd78oIEm2gn,
2026-10-01,12:30,instagram,꿀팁,video,세제 많이 넣는다고 더 깨끗해지지 않아요.  빨래 많을 때 세제 한 번 ,18630090184057240,40,39,0,0,,,0,0,https://www.instagram.com/reel/Dd78qCFkcu8/,
2026-10-01,20:00,threads,꿀팁,text,냉장고는 꽉 채우면 손해예요.  장 보고 오면 빈틈없이 쑤셔 넣게 되는데,17869833129645068,8,,0,0,0,0,0,,https://www.threads.com/@today.cartvv/post/Dd8wICuoDpz,
2026-10-01,20:00,instagram,꿀팁,video,냉장고는 꽉 채우면 손해예요.  장 보고 오면 빈틈없이 쑤셔 넣게 되는데,18007294653006087,114,105,0,0,,,0,0,https://www.instagram.com/reel/Dd8wOA0DhxE/,
2026-10-02,08:00,instagram,꿀팁,video,도마 하나로 다 쓰고 계시면 꼭 보세요.  생고기나 생선 썬 도마를 물로,18382731643239675,111,110,2,0,,,0,0,https://www.instagram.com/reel/Dd-CjmQlLvB/,
2026-10-02,12:30,threads,꿀팁,text,"쌀, 냉장고에 보관해 보세요.  쌀은 싱크대 아래나 베란다에 많이 두는데",18113180717468686,3,,0,0,0,0,0,,https://www.threads.com/@today.cartvv/post/Dd-hbAwnIXH,
2026-10-02,12:30,instagram,꿀팁,video,"쌀, 냉장고에 보관해 보세요.  쌀은 싱크대 아래나 베란다에 많이 두는데",18091368872465168,114,107,2,0,,,0,0,https://www.instagram.com/reel/Dd-hfV7gEW-/,
2026-10-02,20:00,threads,꿀팁,text,"수세미, 마지막으로 언제 바꾸셨어요?  설거지하고 나면 깨끗해 보이니까 ",18068297117775722,6,,0,0,0,0,0,,https://www.threads.com/@today.cartvv/post/Dd_U64rlWzl,
2026-10-02,20:00,instagram,꿀팁,video,"수세미, 마지막으로 언제 바꾸셨어요?  설거지하고 나면 깨끗해 보이니까 ",18110077075882139,116,109,2,0,,,0,0,https://www.instagram.com/reel/Dd_U9flAtKC/,
2026-10-03,08:00,threads,꿀팁,text,바나나 금방 까매지죠.  사 온 지 이틀만 지나도 점이 생기고 사흘이면 ,17948758701323066,5,,0,0,0,0,0,,https://www.threads.com/@today.cartvv/post/DeAnUVridzB,
2026-10-03,08:00,instagram,꿀팁,video,바나나 금방 까매지죠.  사 온 지 이틀만 지나도 점이 생기고 사흘이면 ,17911802886497560,148,145,1,0,,,1,0,https://www.instagram.com/reel/DeAnWkegOWU/,
2026-10-03,20:00,threads,꿀팁,text,"고기 해동, 실온에 꺼내두지 마세요.  아침에 꺼내서 싱크대에 올려두고 ",18127834103512731,17,,0,0,0,0,0,,https://www.threads.com/@today.cartvv/post/DeB5tzSIG0U,
2026-10-03,20:00,instagram,꿀팁,video,"고기 해동, 실온에 꺼내두지 마세요.  아침에 꺼내서 싱크대에 올려두고 ",18359606983216120,157,151,1,0,,,0,0,https://www.instagram.com/reel/DeB5yQkAJax/,
2026-10-04,08:00,instagram,꿀팁,video,"텀블러 냄새, 세제로는 잘 안 빠져요.  커피 담아 다니다 보면 씻어도 ",18001072541809525,114,112,1,0,,,0,0,https://www.instagram.com/reel/DeDMIYYgQCE/,
2026-10-04,12:30,threads,꿀팁,text,배고플 때 장 보러 가지 마세요.  퇴근길에 배고픈 채로 마트 들르면 계,18118970281954237,11,,0,0,0,0,0,,https://www.threads.com/@today.cartvv/post/DeDrAvhFGMx,
2026-10-04,12:30,instagram,꿀팁,video,배고플 때 장 보러 가지 마세요.  퇴근길에 배고픈 채로 마트 들르면 계,18117691744964532,120,111,1,0,,,0,0,https://www.instagram.com/reel/DeDrCjQlm73/,
2026-10-04,20:00,threads,꿀팁,text,식빵은 냉장고 말고 냉동실이에요.  빵 곰팡이 필까 봐 냉장고에 넣는 분,18449416759124494,32,,0,0,0,0,0,,https://www.threads.com/@today.cartvv/post/DeEegrGFT5l,
2026-10-04,20:00,instagram,꿀팁,video,식빵은 냉장고 말고 냉동실이에요.  빵 곰팡이 필까 봐 냉장고에 넣는 분,18177039904432925,108,106,2,0,,,0,0,https://www.instagram.com/reel/DeEeojvDD4F/,
2026-09-30,18:30,threads,토스,carousel,"캠핑주방용품 쪽에서 눈에 띄는 상품이에요.  42,000원 → 35,00",18132782818660795,18,,3,1,1,0,0,,https://www.threads.com/@today.cartvv/post/Dd6BEbhmxUk,
2026-10-01,09:00,threads,토스,carousel,"쿠오레 BLDC 무선청소기, COVA-S…  생활가전 카테고리 베스트에 ",18030986486897714,10,,0,1,0,0,0,,https://www.threads.com/@today.cartvv/post/Dd7koqdjxQ8,
2026-10-01,15:30,threads,토스,carousel,키친플라워 쿠킨 세이프 이중 유리 전기포트…  요즘 냉장고 쪽에서 많이 ,17957135784255840,13,,0,1,0,0,0,,https://www.threads.com/@today.cartvv/post/Dd8RQubFhho,
2026-10-02,09:00,threads,토스,carousel,"베라 무해력 4ZERO 뽑아쓰는 미용티슈, 250매…  후기가 꾸준히 쌓",18105404600573587,20,,0,1,0,0,0,,https://www.threads.com/@today.cartvv/post/Dd-JbWEj_wY,
2026-10-02,11:00,threads,토스,carousel,"40% 할인하는 상품이에요.  18,000원 → 10,800원 후기 22",18496385761099558,2,,0,1,0,0,0,,https://www.threads.com/@today.cartvv/post/Dd-XKYTIB2q,
2026-10-02,15:30,threads,토스,carousel,"가쯔 이동식 트롤리 틈새 수납장, 화이트, 4단, 1개  후기가 꾸준히 ",17884795962687629,22,,0,1,0,0,0,,https://www.threads.com/@today.cartvv/post/Dd-2DiLFTZ8,
2026-10-02,18:30,threads,토스,carousel,"후기 31개 쌓인 캠핑주방용품 상품이에요.  14,000원 → 11,40",17873956674587127,13,,0,1,0,0,0,,https://www.threads.com/@today.cartvv/post/Dd_Kpw0FVnc,
2026-10-03,09:00,threads,토스,carousel,"썬연료 부탄가스, 220g, 28개입, 1박스  캠핑주방용품 카테고리 베",17928173268180336,21,,0,1,0,0,0,,https://www.threads.com/@today.cartvv/post/DeAuOlADT_K,
2026-10-03,11:00,threads,토스,carousel,"지금 41% 할인 중이에요.  289,000원 → 169,000원 후기 ",17939553738365909,8,,0,1,0,0,0,,https://www.threads.com/@today.cartvv/post/DeA78TkFOLe,
2026-10-03,15:30,threads,토스,carousel,"코베아 멀티 캠핑 웨건, 카키 KECQ9DT-05…  후기가 꾸준히 쌓인",17888318430684770,17,,0,0,0,0,0,,https://www.threads.com/@today.cartvv/post/DeBa2jvFrY7,
2026-10-03,18:30,threads,토스,carousel,"55% 할인 중이라 눈에 들어왔어요.  25,000원 → 11,190원 ",17990111222860562,25,,0,1,0,0,0,,https://www.threads.com/@today.cartvv/post/DeBvc6PlpAj,
2026-10-04,09:00,threads,토스,carousel,신일전자 BLDC 무선 청소기 + 충전거치대…  요즘 생활가전 쪽에서 많,18113054465039916,32,,0,1,0,0,0,,https://www.threads.com/@today.cartvv/post/DeDTBB4jX8t,
2026-10-04,15:30,threads,토스,carousel,"필립스 스팀다리미 DST1040/30, 1개  후기가 꾸준히 쌓인 생활가",18209388754366923,22,,0,1,0,0,0,,https://www.threads.com/@today.cartvv/post/DeD_pgXG2Fq,
2026-10-04,18:30,threads,토스,carousel,"할인율 45%, 가격이 괜찮아요.  59,500원 → 32,500원 후기",18145238524518235,5,,0,1,0,0,0,,https://www.threads.com/@today.cartvv/post/DeEUPlhlQ6_,
2026-10-05,09:00,threads,토스,carousel,"모노케어 3구개별 안전커버 멀티탭, 화이트…  후기가 꾸준히 쌓인 생활용",18095335163556227,45,,1,1,0,0,0,,https://www.threads.com/@today.cartvv/post/DeF30FuGV0b,
2026-10-05,15:30,threads,토스,carousel,"이플리토 퍼팩트 구강세정기, 1개  요즘 생활가전 쪽에서 많이 찾는 상품",18112994600040174,43,,0,1,0,0,0,,https://www.threads.com/@today.cartvv/post/DeGkcQrFSlj,
2026-10-06,09:00,threads,토스,carousel,"올챌린지 천연펄프 화장지, 3겹, 30m, 30롤…  후기가 꾸준히 쌓인",18189499612406372,26,,0,1,0,0,0,,https://www.threads.com/@today.cartvv/post/DeIcmrRHfct,
2026-10-06,11:00,threads,토스,carousel,"지금 30% 할인 중이에요.  16,880원 → 11,756원 후기 60",18015986789747267,4,,0,1,0,0,0,,https://www.threads.com/@today.cartvv/post/DeIqWF7mqQc,
2026-10-06,15:30,threads,토스,carousel,라헨느 더 퀸 스마트워터 진공포장기…  요즘 냉장고 쪽에서 많이 찾는 상,18127533997870782,25,,0,1,0,0,0,,https://www.threads.com/@today.cartvv/post/DeJJPVwHLyN,
2026-10-06,18:30,threads,토스,carousel,"할인율 34%, 가격이 괜찮아요.  44,900원 → 29,300원 후기",18379610695232781,19,,0,1,0,0,0,,https://www.threads.com/@today.cartvv/post/DeJd1Q-ltcJ,
2026-10-07,09:00,threads,토스,carousel,"할인율이 63%예요. 가격 한번 보세요.  109,000원 → 39,90",18346876816249005,5,,0,1,0,0,0,,https://www.threads.com/@today.cartvv/post/DeLBal4o8Nt,
2026-10-07,15:30,threads,토스,carousel,"할인율이 55%예요. 가격 한번 보세요.  39,800원 → 17,900",18151808011544302,13,,0,1,0,0,0,,https://www.threads.com/@today.cartvv/post/DeLuBVEm0kF,
2026-10-07,18:30,threads,토스,carousel,"덴티클린스 컬러풀 이중미세모 칫솔, 10개입, 3세트  생활용품 고를 때",18111223112334843,25,,0,1,0,0,0,,https://www.threads.com/@today.cartvv/post/DeMCoR_mx1b,
2026-10-08,09:00,threads,토스,image,"66% 할인이에요. 이 가격 실화인가 싶어요.  17,900원 → 5,9",17977973444921813,9,,0,1,0,0,0,,https://www.threads.com/@today.cartvv/post/DeNmKQPFus4,
2026-10-08,15:30,threads,토스,image,"66% 할인이에요. 이 가격 실화인가 싶어요.  37,900원 → 12,",18140304076616775,6,,0,1,0,0,0,,https://www.threads.com/@today.cartvv/post/DeOSyrmm5Zv,
2026-10-08,18:30,threads,토스,carousel,"키친플라워 테티 전기포트, KEK-DJ124…  냉장고 고를 때 후보로 ",17898557358655879,31,,0,0,0,0,0,,https://www.threads.com/@today.cartvv/post/DeOnbETG_jF,
2026-10-05,08:00,threads,꿀팁,text,"사과랑 다른 과일, 같이 두지 마세요.  사과는 에틸렌이라는 가스를 많이",18063105629524840,33,,0,0,0,0,0,,https://www.threads.com/@today.cartvv/post/DeFw6Hcj7bP,
2026-10-05,08:00,instagram,꿀팁,video,"사과랑 다른 과일, 같이 두지 마세요.  사과는 에틸렌이라는 가스를 많이",18333235465302652,121,113,1,0,,,0,0,https://www.instagram.com/reel/DeFw97Olg8r/,
2026-10-05,12:30,threads,꿀팁,text,"깐 마늘, 그냥 냉장고에 두면 금방 물러요.  한 번 까 놓으면 며칠 못",18114585755015531,28,,0,0,0,0,0,,https://www.threads.com/@today.cartvv/post/DeGPzocFepR,
2026-10-05,12:30,instagram,꿀팁,video,"깐 마늘, 그냥 냉장고에 두면 금방 물러요.  한 번 까 놓으면 며칠 못",18167259751415528,119,112,1,0,,,0,0,https://www.instagram.com/reel/DeGP6UfEsQD/,
2026-10-05,20:00,threads,꿀팁,text,"두부, 사 온 물 그대로 두지 마세요.  개봉한 두부는 물이 흐려지면 상",18031058756887158,14,,0,0,0,0,0,,https://www.threads.com/@today.cartvv/post/DeHDTiQFRx0,
2026-10-06,08:00,threads,꿀팁,text,"삶은 달걀, 껍질 안 까져서 속상했던 적 있죠.  까다가 흰자가 뜯겨 나",18135304276733716,11,,0,0,0,0,0,,https://www.threads.com/@today.cartvv/post/DeIVs-cnXjl,
2026-10-06,08:00,instagram,꿀팁,video,"삶은 달걀, 껍질 안 까져서 속상했던 적 있죠.  까다가 흰자가 뜯겨 나",18046105769827188,130,117,1,1,,,0,0,https://www.instagram.com/reel/DeIVu5WkYfa/,
2026-10-06,12:30,instagram,꿀팁,video,"프라이팬 코팅, 이렇게 쓰면 금방 벗겨져요.  비싼 팬인데 1년도 안 돼",18020972879927246,117,108,0,0,,,0,0,https://www.instagram.com/reel/DeI0oGqktDS/,
2026-10-06,20:00,threads,꿀팁,text,"행주, 마르는 데 하루 넘게 걸리면 위험해요.  젖은 채로 오래 있으면 ",18095317805555688,11,,0,0,0,0,0,,https://www.threads.com/@today.cartvv/post/DeJoGYflsEo,
2026-10-06,20:00,instagram,꿀팁,video,"행주, 마르는 데 하루 넘게 걸리면 위험해요.  젖은 채로 오래 있으면 ",17912690271530623,9,6,0,0,,,0,0,https://www.instagram.com/reel/DeJoHmIFeR4/,
2026-10-07,08:00,threads,꿀팁,text,"음식물 쓰레기 냄새, 냉동실에 넣어 보세요.  여름도 아닌데 하루만 지나",18097694249410491,5,,0,0,0,0,0,,https://www.threads.com/@today.cartvv/post/DeK6f7fo3Er,
2026-10-07,08:00,instagram,꿀팁,video,"음식물 쓰레기 냄새, 냉동실에 넣어 보세요.  여름도 아닌데 하루만 지나",17959207464233267,121,107,1,0,,,0,0,https://www.instagram.com/reel/DeK6mNuCm6f/,
2026-10-07,12:30,threads,꿀팁,text,"냉동실에 넣은 음식, 뭔지 기억나세요?  몇 주 지나면 하얗게 얼어서 뭐",18108332116920248,13,,1,0,0,0,0,,https://www.threads.com/@today.cartvv/post/DeLZZaIm4fA,
2026-10-07,12:30,instagram,꿀팁,video,"냉동실에 넣은 음식, 뭔지 기억나세요?  몇 주 지나면 하얗게 얼어서 뭐",18104125370356922,114,104,1,0,,,0,0,https://www.instagram.com/reel/DeLZepfihRR/,
2026-10-07,20:00,threads,꿀팁,text,"고구마, 냉장고에 넣으면 안 돼요.  고구마는 추위에 약해서 냉장고에서 ",17893050678439723,25,,0,0,0,0,0,,https://www.threads.com/@today.cartvv/post/DeMM5QWG1tk,
2026-10-07,20:00,instagram,꿀팁,video,"고구마, 냉장고에 넣으면 안 돼요.  고구마는 추위에 약해서 냉장고에서 ",18128106262871137,63,71,1,0,,,0,0,https://www.instagram.com/reel/DeMM7rrFJfk/,
2026-10-08,08:00,threads,꿀팁,text,"토마토, 덜 익었으면 냉장고에 넣지 마세요.  차갑게 두면 익는 게 멈춰",17906444196589755,13,,0,0,0,0,0,,https://www.threads.com/@today.cartvv/post/DeNfSvVFpIW,
2026-10-08,08:00,instagram,꿀팁,video,"토마토, 덜 익었으면 냉장고에 넣지 마세요.  차갑게 두면 익는 게 멈춰",18002135577009478,6,5,1,0,,,0,0,https://www.instagram.com/reel/DeNfUz9jivd/,
2026-10-08,12:30,threads,꿀팁,text,"상추나 깻잎, 이틀 지나면 물러지죠.  잎채소는 물기 때문에 금방 시들어",17910008625306865,4,,0,0,0,0,0,,https://www.threads.com/@today.cartvv/post/DeN-MQSFFZJ,
2026-10-08,20:00,threads,꿀팁,text,수건에서 꿉꿉한 냄새가 나는 이유가 있어요.  빨았는데도 냄새가 나는 건,18011909951977164,5,,0,0,0,0,0,,https://www.threads.com/@today.cartvv/post/DeOxsJjmxWD,
2026-10-08,20:00,instagram,꿀팁,video,수건에서 꿉꿉한 냄새가 나는 이유가 있어요.  빨았는데도 냄새가 나는 건,18369566221245405,113,105,0,0,,,0,0,https://www.instagram.com/reel/DeOxu6EDzHj/,
