date,time,platform,type,files,caption,status,result,comment
2026-09-14,15:00,threads,text,,사입 안 하셔도 됩니다.\n\n주문 들어오면 본사에서 보냅니다. 창고도 필요 없고요.\n\n공구·셀러 문의는 프로필 링크로.,done,threads:18095002028299561,
2026-09-14,18:00,instagram,video,reel-01.mp4,"사입 안 하셔도 됩니다.\n\n찐한국은 위탁이라, 주문이 들어오면 본사에서 보냅니다.\n안 팔린 물건을 떠안을 일도, 창고도 필요 없습니다.\n\n공급가도 저렴합니다.\n최소 수량은 문의 주시면 안내드립니다.\n\n공구·셀러 문의 → 프로필 링크\n\n#공동구매 #공구셀러 #위탁판매 #생활용품도매 #국내산 #스마트스토어 #폐쇄몰 #셀러모집 #찐한국",done,instagram:18072350198725126,
2026-09-14,20:00,threads,text,,공급가가 저렴합니다.\n\n최소 수량은 문의 주시면 안내드립니다.\n\n공구·셀러 문의는 프로필 링크로.,done,threads:18116343739966009,
2026-09-15,15:00,threads,text,,"고무장갑, 주방세제, 핸드워시.\n\n싱크대 앞에서 같이 쓰이는 것들입니다.\n\n공구·셀러 문의는 프로필 링크로.",done,threads:18104081416970190,
2026-09-15,18:00,instagram,video,reel-02.mp4,"주방에서 같이 쓰이는 것들입니다.\n\n고무장갑, 주방세제, 핸드워시.\n여기에 치약이랑 고체가글까지 붙으면 욕실 칸도 채워집니다.\n\n한 브랜드로 카테고리가 묶이고, 가격도 저렴합니다.\n\n공구·셀러 문의 → 프로필 링크\n\n#공동구매 #공구셀러 #위탁판매 #생활용품도매 #국내산 #스마트스토어 #폐쇄몰 #셀러모집 #찐한국",done,instagram:18133121521638811,
2026-09-15,20:00,threads,text,,치약이랑 고체가글까지 붙으면 욕실 칸도 채워집니다.\n\n한 브랜드로 카테고리가 묶이는 거죠.\n\n공구·셀러 문의는 프로필 링크로.,done,threads:18145915576595688,
2026-09-16,15:00,threads,image,glove-34.jpg,"설명이 길어지는 상품은 전환이 느립니다.\n\n좋은 물건인데도 '이게 뭔지'부터 설명해야 하면 그 사이에 사람이 떠나요. 공구는 특히 그렇습니다. 스크롤 몇 초 안에 결정되니까요.\n고무장갑은 설명이 필요 없습니다. 안 쓰는 집이 없고, 뭐에 쓰는지 다 압니다.\n그래서 셀러가 할 일이 '설득'이 아니라 '차이 한 줄'로 줄어듭니다. 길이 34cm라 소매가 안 젖는다, 손바닥에 미끄럼 방지 패턴이 있어 젖은 그릇이 안 미끄러진다. 이 정도면 끝이에요.\n위탁이라 사입도 창고도 필요 없고, 최소 수량이랑 공급가는 프로필 링크로 문의 주세요.\n\n설명 비용이 싼 상품이 공구에선 강합니다.",done,threads:17983613354887130,
2026-09-16,18:00,instagram,video,reel-03.mp4,"고무장갑 길이가 34cm입니다.\n\n팔목까지 와서 물이 안으로 안 들어옵니다.\n설거지하다 소매 젖는 일, 이 길이면 없습니다.\n\n설거지도 욕실 청소도 34cm면 넉넉합니다.\n\n공구·셀러 문의 → 프로필 링크\n\n#공동구매 #공구셀러 #위탁판매 #생활용품도매 #국내산 #스마트스토어 #폐쇄몰 #셀러모집 #찐한국",done,instagram:18221940613338072,
2026-09-16,20:00,threads,image,soap-sink.jpg,"매출은 사람 수가 아니라 장바구니 크기에서 갈립니다.\n\n같은 100명한테 팔아도 한 개씩 사가면 100개, 세 개씩 사가면 300개예요. 신규 모으는 것보다 이게 훨씬 쌉니다.\n찐한국은 고무장갑, 주방세제, 핸드워시가 전부 싱크대 앞에서 같이 쓰이는 것들입니다. 여기에 치약이랑 고체가글이 붙으면 욕실 칸까지 가고요.\n따로 파는 게 아니라 '주방 한 칸 정리'로 묶으면 자연스럽게 세 개가 담깁니다. 배송비도 한 번이고요.\n전부 위탁이고 공급가도 저렴합니다. 최소 수량은 프로필 링크로 문의 주세요.\n\n같은 사람한테 몇 개를 파느냐. 그게 공구 수익률입니다.",done,threads:18117493616319141,
2026-09-17,15:00,threads,image,hand-peony.jpg,"기능을 열 줄 적는 것보다 장면 하나가 셉니다.\n\n'보습 성분 함유'보다 '생선 만진 손 냄새가 안 남는다'가 훨씬 잘 팔려요. 겪어 본 사람이 많거든요.\n찐한국 핸드워시는 미세 거품이라 손톱 사이까지 들어갑니다. 생선 만진 손, 마늘 다진 손. 밴 냄새까지 씻어내고 기름기랑 미끌거림도 같이 걷어내요.\n헹굼이 빨라서 손에 미끈거림이 안 남으니 요리 바로 전에도 씁니다.\n셀러 입장에선 소구 한 줄이 명확한 상품이 카피 쓰기 편합니다.\n위탁이고 최소 수량이랑 공급가는 프로필 링크로 문의 주세요.\n\n기능을 나열하지 말고 장면 하나를 주세요.",done,threads:17941519005090615,
2026-09-17,18:00,instagram,video,reel-0917.mp4,색이 두 가지입니다.\n\n그레이랑 퍼플. 주방 분위기에 맞춰 고르시면 됩니다.\n색이 두 개면 장바구니에 두 개가 담기고요.\n\n싱크대 앞에서 같이 쓰이는 것들이라 묶으면 장바구니가 커집니다.\n\n위탁이라 재고 부담 없고 공급가도 저렴합니다.\n최소 수량이랑 공급가는 프로필 링크로 문의 주세요.\n\n#공동구매 #공구셀러 #위탁판매 #생활용품도매 #국내산 #스마트스토어 #폐쇄몰 #셀러모집 #찐한국,done,instagram:18110825429465052,
2026-09-17,20:00,threads,image,soap-veg.jpg,"살 이유가 두 개인 상품은 거절당하기 어렵습니다.\n\n'설거지 세제 필요하세요?' 하면 있는 사람은 넘어갑니다. 그런데 쓰임이 하나 더 붙으면 얘기가 달라져요.\n찐한국 주방세제는 식품에 직접 닿아도 되는 성분이라, 과일이랑 채소 세척에 그대로 씁니다. 그릇만 닦는 세제가 아닌 거죠.\n셀러 입장에선 소구점이 두 개라는 게 큽니다. 하나가 안 먹히면 다른 하나로 붙잡을 수 있으니까요.\n기름때는 베이킹소다가 풀어주고, 설거지하는 손을 위해 보습 성분도 들어 있습니다. 레몬향 500ml.\n위탁이고 최소 수량이랑 공급가는 프로필 링크로 문의 주세요.\n\n쓰임이 많은 물건이 설득이 쉽습니다.",done,threads:18125422402857724,
2026-09-18,15:00,threads,text,,들고 다닐 수 있느냐가 소비량을 바꿉니다.\n\n집에만 두는 물건은 하루 한 번 쓰고 끝나요. 가방에 들어가는 물건은 하루에 몇 번씩 씁니다. 그만큼 빨리 없어지고요.\n숨결고체가글은 물 없이 씹는 가글입니다. 한 알 씹고 헹구면 끝이라 어디서든 됩니다. 24정이 손바닥만 한 케이스 하나라 가방에도 주머니에도 들어가요. 무알코올이라 입안이 안 쏩니다.\n액체 가글로는 안 되는 걸 하는 물건이라 살 이유가 분명합니다.\n위탁이고 공급가도 저렴합니다. 최소 수량은 프로필 링크로 문의 주세요.\n\n어디서 쓰이느냐가 얼마나 빨리 없어지느냐를 정합니다.,error,threads:ERROR,
2026-09-18,18:00,instagram,video,reel-0918.mp4,"주방세제 500ml, 레몬향이 납니다.\n\n설거지 뒤가 상쾌하고, 세제 냄새가 손에 남지 않습니다.\n\n매일 쓰는 물건이라 이런 게 크게 느껴집니다.\n\n소비 속도가 빨라서 재주문 주기가 짧습니다.\n\n위탁이라 재고 부담 없고 공급가도 저렴합니다.\n최소 수량이랑 공급가는 프로필 링크로 문의 주세요.\n\n#공동구매 #공구셀러 #위탁판매 #생활용품도매 #국내산 #스마트스토어 #폐쇄몰 #셀러모집 #찐한국",done,instagram:17892466083609756,
2026-09-18,20:00,threads,text,,"공구는 '뭘 파느냐'보다 '몇 번 여느냐'입니다.\n\n한 번 크게 여는 것보다 꾸준히 도는 게 결국 큽니다. 그러려면 계속 열 수 있는 품목이 있어야 해요.\n찐한국은 전부 매일 쓰고 매달 없어지는 것들입니다. 고무장갑, 주방세제, 핸드워시, 치약, 고체가글.\n이번 달에 장갑으로 열고, 다음 달에 세제로 열고, 그다음엔 묶음으로 여는 식이 됩니다. 같은 고객한테 계속 열 수 있는 거죠.\n전부 위탁이고 공급가도 저렴합니다. 최소 수량은 프로필 링크로 문의 주세요.\n\n대박 한 번보다 열두 번 여는 게 낫습니다.",done,threads:18116591632756251,
2026-09-19,15:00,threads,image,soap-two.jpg,"브랜드가 흩어지면 배송비가 두 번, 세 번 나갑니다.\n\n주방용품은 A에서, 욕실용품은 B에서. 소비자도 번거롭고 셀러도 정산이 복잡해져요.\n찐한국은 고무장갑, 주방세제, 핸드워시로 주방 한 칸이 채워지고 치약이랑 고체가글로 욕실 칸까지 갑니다. 한 브랜드로 카테고리가 묶이는 거죠.\n한 번에 담기고 한 번에 나갑니다. 셀러 입장에선 관리할 거래처가 하나예요.\n전부 위탁이고 공급가도 저렴합니다. 최소 수량은 프로필 링크로 문의 주세요.\n\n품목을 늘리는 것보다 거래처를 줄이는 게 이익일 때가 많습니다.",done,threads:18149876803484676,
2026-09-19,18:00,instagram,video,reel-0919.mp4,"고무장갑 특유의 냄새, 거의 안 납니다.\n\n만들면서 세 번 씻어내거든요.\n처음 꺼낼 때 코를 찌르는 그 냄새가 없습니다.\n\n계절을 안 타서 일 년 내내 돌릴 수 있습니다.\n\n위탁이라 재고 부담 없고 공급가도 저렴합니다.\n최소 수량이랑 공급가는 프로필 링크로 문의 주세요.\n\n#공동구매 #공구셀러 #위탁판매 #생활용품도매 #국내산 #스마트스토어 #폐쇄몰 #셀러모집 #찐한국",done,instagram:18313940992304425,
2026-09-19,20:00,threads,image,hand-bottle.jpg,"소비 속도가 곧 재주문 주기입니다.\n\n느리게 닳는 물건은 한 번 팔면 반년을 기다려야 해요. 공구 셀러한테는 치명적입니다.\n핸드워시는 하루에 몇 번씩 쓰는 자리에 놓입니다. 요리 전에도, 화장실 다녀와서도, 장 보고 들어와서도요. 그래서 비는 속도가 빠릅니다.\n찐한국 핸드워시는 미세 거품이라 손톱 사이까지 들어가고, 헹굼이 빨라서 미끈거림이 안 남습니다. 보습 성분 세 가지에 진정 성분까지 들어가서 몇 번을 씻어도 손이 안 당겨요.\n위탁이고 공급가도 저렴합니다. 최소 수량은 프로필 링크로 문의 주세요.\n\n빨리 닳는 물건을 파세요. 그게 다음 달 매출입니다.",error,threads:ERROR,
2026-09-20,15:00,threads,image,soap-pan.jpg,"후기가 잘 붙는 상품과 안 붙는 상품이 있습니다.\n\n차이는 하나예요. 쓰자마자 체감이 오느냐.\n찐한국 주방세제는 베이킹소다가 기름을 풀어줍니다. 눌어붙은 팬을 힘줘서 문지를 필요가 없어요. 이건 첫 설거지에 바로 압니다.\n음식 냄새랑 물비린내도 덮는 게 아니라 분해해서 없앱니다. 설거지 끝나고 손에 안 남아요.\n셀러 입장에선 후기 확보가 쉽다는 게 큽니다. 후기가 쌓이면 다음 공구 설득이 저절로 돼요.\n위탁이라 재고 부담 없고, 최소 수량이랑 공급가는 프로필 링크로 문의 주세요.\n\n말로 설명하는 것보다 한 번 써 본 사람 한 줄이 셉니다.",done,threads:18191603557395148,
2026-09-20,18:00,instagram,video,reel-0920.mp4,"한국인 손에 맞춰 만든 고무장갑입니다.\n\n헐렁하지 않아서 오래 껴도 안 불편하고, 손가락 끝이 남지 않아서 작업이 빨라집니다.\n\n반복해서 쓰는 물건이라 이 차이가 큽니다.\n\n매일 쓰고 다 쓰면 다시 사는 물건입니다. 한 번 팔고 끝나지 않아요.\n\n위탁이라 재고 부담 없고 공급가도 저렴합니다.\n최소 수량이랑 공급가는 프로필 링크로 문의 주세요.\n\n#공동구매 #공구셀러 #위탁판매 #생활용품도매 #국내산 #스마트스토어 #폐쇄몰 #셀러모집 #찐한국",done,instagram:18338596633256451,
2026-09-20,20:00,threads,image,glove-hang.jpg,"반품과 클레임이 마진을 갉아먹습니다.\n\n한 건 터지면 그날 판 것 여러 개가 날아가요. 그래서 '실패 확률이 낮은 상품'을 고르는 게 중요합니다.\n고무장갑은 사이즈 실패가 제일 흔한데, 찐한국은 한국인 손에 맞춰 만들었습니다. 헐렁하지 않고 손가락 끝이 남지 않아요. 오래 껴도 안 불편합니다.\n두께는 얇게 뽑아서 손 감각이 살아 있고, 그러면서 잘 늘어나고 잘 안 찢어집니다. 몇 번 쓰고 터지는 일이 없어야 클레임이 안 들어오죠.\n위탁이라 재고 부담 없고, 최소 수량이랑 공급가는 프로필 링크로 문의 주세요.\n\n잘 팔리는 상품보다 탈 안 나는 상품이 오래 갑니다.",done,threads:17868859161642456,
2026-09-21,15:00,threads,image,hand-leaf.jpg,"같은 자리에 놓이는 물건끼리는 같이 팔립니다.\n\n싱크대 앞이라는 자리가 있어요. 고무장갑, 주방세제, 핸드워시가 나란히 놓이는 그 자리요.\n하나만 팔면 하나로 끝나는데, 자리로 팔면 세 개가 같이 담깁니다.\n찐한국 핸드워시는 미세 거품이라 손톱 사이까지 들어가서 생선이나 마늘 만진 손의 냄새까지 걷어냅니다. 헹굼이 빨라 미끈거림이 안 남으니 요리 바로 전에도 쓰고요. 보습 성분 세 가지에 진정 성분까지 들어 있습니다.\n전부 위탁이고 최소 수량이랑 공급가는 프로필 링크로 문의 주세요.\n\n상품 단위로 팔지 말고 자리 단위로 파세요. 객단가가 달라집니다.",done,threads:18116549620935946,
2026-09-21,18:00,instagram,video,reel-0921.mp4,"손 씻고 나서 안 당깁니다.\n\n보습 성분이 세 가지 들어가고, 주방일로 거칠어진 손을 위해 진정 성분도 같이 들어 있습니다.\n\n하루에 몇 번씩 씻는 자리니까요.\n\n써 보면 바로 아는 차이라 후기가 잘 붙습니다.\n\n위탁이라 재고 부담 없고 공급가도 저렴합니다.\n최소 수량이랑 공급가는 프로필 링크로 문의 주세요.\n\n#공동구매 #공구셀러 #위탁판매 #생활용품도매 #국내산 #스마트스토어 #폐쇄몰 #셀러모집 #찐한국",done,instagram:18106297820353373,
2026-09-21,20:00,threads,image,glove-grip.jpg,"진입 장벽이 낮은 상품은 경쟁도 심합니다. 그래서 차이 한 줄이 필요해요.\n\n고무장갑은 어디서나 팝니다. 그런데 대부분 '고무장갑'이라고만 써 있어요.\n찐한국은 길이가 34cm입니다. 팔목까지 올라와서 설거지하다 물이 안으로 안 들어와요. 소매 젖을 일이 없습니다.\n손바닥엔 미끄럼 방지 패턴이 있어서 세제 묻은 접시도 안 미끄러지고, 두께는 얇게 뽑아 손 감각이 살아 있습니다.\n셀러 입장에선 남들과 다르게 쓸 문장이 있다는 게 전부예요.\n위탁이고 최소 수량이랑 공급가는 프로필 링크로 문의 주세요.\n\n같은 상품이라도 쓸 말이 있는 쪽이 팝니다.",done,threads:17908531659472124,
2026-09-22,15:00,threads,image,soap-hand.jpg,"소비자가 다시 안 사는 이유는 대부분 '쓰고 나서 불편함'입니다.\n\n주방세제는 손이 트는 게 그겁니다. 매일 쓰는데 쓸 때마다 손이 상하면 결국 다른 걸 찾아요.\n찐한국 주방세제는 설거지하는 손을 위해 보습 성분을 넣었습니다. 장갑 없이 잠깐 씻을 때도 부담이 덜해요. 기름때는 베이킹소다가 풀어주고, 음식 냄새는 분해해서 없앱니다.\n셀러 입장에선 재구매가 끊기는 지점을 하나 막아둔 상품인 거죠.\n위탁이고 공급가도 저렴합니다. 최소 수량은 프로필 링크로 문의 주세요.\n\n잘 팔리게 만드는 것보다 안 끊기게 만드는 게 어렵습니다.",done,threads:18022501970870565,
2026-09-22,18:00,instagram,video,reel-0922.mp4,물 없이 씹어서 쓰는 가글입니다.\n\n한 알 씹고 헹구면 끝. 24정이 손바닥만 한 케이스 하나라 가방에 툭 넣고 다닙니다.\n\n무알코올이라 입안이 안 쏩니다.\n\n소비 속도가 빨라서 재주문 주기가 짧습니다.\n\n위탁이라 재고 부담 없고 공급가도 저렴합니다.\n최소 수량이랑 공급가는 프로필 링크로 문의 주세요.\n\n#공동구매 #공구셀러 #위탁판매 #생활용품도매 #국내산 #스마트스토어 #폐쇄몰 #셀러모집 #찐한국,done,instagram:18219065671355996,
2026-09-22,20:00,threads,text,,"한 번 팔고 끝나는 상품만 모으면 매달 처음부터 다시 시작합니다.\n\n지난달에 판 사람이 이번 달에 또 사야 매출이 쌓이거든요.\n찐한국은 전부 소모품입니다. 고무장갑도 주방세제도 핸드워시도 쓰다 보면 없어지는 것들이에요. 다 쓰면 다시 사고, 그게 다음 공구가 됩니다.\n장갑은 34cm에 미끄럼 방지 패턴이라 한 번 껴 보면 바꾸기 싫어지고, 세제는 기름때가 쉽게 녹아서 재구매가 빠릅니다.\n전부 위탁이고 공급가도 저렴합니다. 최소 수량은 프로필 링크로 문의 주세요.\n\n신규를 계속 모으는 장사보다, 같은 사람이 다시 오는 장사가 편합니다.",done,threads:18127679072496507,
2026-09-23,15:00,threads,image,glove-34.jpg,"설명이 길어지는 상품은 전환이 느립니다.\n\n좋은 물건인데도 '이게 뭔지'부터 설명해야 하면 그 사이에 사람이 떠나요. 공구는 특히 그렇습니다. 스크롤 몇 초 안에 결정되니까요.\n고무장갑은 설명이 필요 없습니다. 안 쓰는 집이 없고, 뭐에 쓰는지 다 압니다.\n그래서 셀러가 할 일이 '설득'이 아니라 '차이 한 줄'로 줄어듭니다. 길이 34cm라 소매가 안 젖는다, 손바닥에 미끄럼 방지 패턴이 있어 젖은 그릇이 안 미끄러진다. 이 정도면 끝이에요.\n위탁이라 사입도 창고도 필요 없고, 최소 수량이랑 공급가는 프로필 링크로 문의 주세요.\n\n설명 비용이 싼 상품이 공구에선 강합니다.",done,threads:17888474817617259,
2026-09-23,18:00,instagram,video,reel-0923.mp4,먹는 것도 씻을 수 있는 주방세제입니다.\n\n식품에 직접 닿아도 안전한 성분이라 과일이랑 채소 세척에도 씁니다.\n그릇만 닦는 세제가 아니니까 쓰임이 하나 더 붙는 셈이에요.\n\n계절을 안 타서 일 년 내내 돌릴 수 있습니다.\n\n위탁이라 재고 부담 없고 공급가도 저렴합니다.\n최소 수량이랑 공급가는 프로필 링크로 문의 주세요.\n\n#공동구매 #공구셀러 #위탁판매 #생활용품도매 #국내산 #스마트스토어 #폐쇄몰 #셀러모집 #찐한국,done,instagram:18094194677647378,
2026-09-23,20:00,threads,text,,"셀러가 망하는 이유는 안 팔려서가 아니라, 돈이 재고에 묶여서입니다.\n\n사입하면 팔리기 전에 현금이 먼저 나갑니다. 잘못 고르면 그 돈이 창고에 그대로 서 있어요.\n찐한국은 위탁입니다. 주문이 들어오면 본사에서 바로 나갑니다. 사입도 창고도 필요 없습니다.\n셀러 입장에선 시작할 때 드는 돈이 거의 없다는 뜻이에요. 반응이 안 오면 다음 품목으로 넘어가면 그만이고요.\n공급가도 저렴해서 마진 잡기가 편합니다. 최소 수량이랑 공급가는 프로필 링크로 문의 주세요.\n\n리스크가 낮으면 시도를 많이 할 수 있습니다. 시도가 많은 셀러가 결국 이겨요.",done,threads:18490921666098251,
2026-09-24,15:00,threads,text,,"공구 셀러가 놓치는 진짜 매출 포인트는 '재구매'입니다.\n\n한 번 팔고 끝나는 상품은 아무리 잘 팔려도 결국 지칩니다. 반대로 소비 주기가 딱 정해진 상품은 알아서 다시 찾게 됩니다.\n찐한국 숨결고체가글은 1일 2~5회, 1회 1정 사용이에요. 24정 한 박스면 소비자가 며칠 안에 다 씁니다.\n이게 왜 중요하냐면, 재구매 주기가 예측 가능하다는 뜻이거든요. 셀러 입장에선 다음 공구 시점을 미리 짤 수 있는 거죠.\n위탁이라 재고 부담 없이 시작할 수 있고, 최소 수량이랑 공급가는 프로필 링크로 문의 주시면 안내드립니다.\n\n단발 판매 말고 루틴으로 파는 셀러가 오래 갑니다.\n소비 주기가 곧 매출 주기예요.",done,threads:17971164192137636,
2026-09-24,18:00,instagram,video,reel-0924.mp4,거품이 빨리 씻깁니다.\n\n손에 미끈거림이 안 남아서 요리 바로 전에도 씁니다.\n헹구는 시간이 짧으면 물도 덜 쓰고요.\n\n매일 쓰고 다 쓰면 다시 사는 물건입니다. 한 번 팔고 끝나지 않아요.\n\n위탁이라 재고 부담 없고 공급가도 저렴합니다.\n최소 수량이랑 공급가는 프로필 링크로 문의 주세요.\n\n#공동구매 #공구셀러 #위탁판매 #생활용품도매 #국내산 #스마트스토어 #폐쇄몰 #셀러모집 #찐한국,done,instagram:17929942815409856,
2026-09-24,20:00,threads,image,glove-color.jpg,"재구매를 만드는 건 가격이 아니라 '바꾸기 귀찮음'입니다.\n\n쓰던 게 괜찮으면 굳이 다른 걸 찾지 않아요. 그 자리를 먼저 차지하는 게 중요합니다.\n고무장갑이 딱 그렇습니다. 길이 34cm라 팔목까지 올라와서 소매가 안 젖고, 손바닥 미끄럼 방지 패턴 덕에 세제 묻은 접시도 안 미끄러집니다. 만들면서 세 번 씻어내서 특유의 냄새도 거의 안 나고요.\n한 번 이 조건에 익숙해지면 얇고 짧은 걸로 못 돌아갑니다.\n위탁이고 공급가도 저렴합니다. 최소 수량은 프로필 링크로 문의 주세요.\n\n첫 구매를 잡는 게 아니라 자리를 잡는 겁니다.",done,threads:17979158099912499,
2026-09-25,15:00,threads,text,,"단가가 낮은 품목 하나는 꼭 쥐고 계셔야 합니다.\n\n메인만 팔면 장바구니가 딱 거기서 멈춥니다. 부담 없이 하나 더 담기는 품목이 있어야 객단가가 올라가요.\n숨결고체가글이 그 자리입니다. 물 없이 한 알 씹고 헹구면 끝이라 살 이유가 분명하고, 24정이 손바닥만 한 케이스 하나라 가방에 툭 넣고 다닙니다. 무알코올이라 입안이 안 쏘고요.\n외근, 출장, 점심 뒤. 쓰는 자리가 명확해서 설명도 짧습니다.\n위탁이고 공급가도 저렴합니다. 최소 수량은 프로필 링크로 문의 주세요.\n\n메인 하나로는 객단가가 안 올라갑니다.",done,threads:18636505060060190,
2026-09-25,18:00,instagram,video,reel-0925.mp4,"두께가 얇아서 손 감각이 살아 있습니다.\n\n작은 그릇도 섬세하게 잡히고, 컵 안쪽까지 손이 들어갑니다.\n그러면서도 잘 늘어나고 잘 안 찢어져서 매일 써도 버팁니다.\n\n설명이 길게 필요 없어서 공구에서 전환이 빠릅니다.\n\n위탁이라 재고 부담 없고 공급가도 저렴합니다.\n최소 수량이랑 공급가는 프로필 링크로 문의 주세요.\n\n#공동구매 #공구셀러 #위탁판매 #생활용품도매 #국내산 #스마트스토어 #폐쇄몰 #셀러모집 #찐한국",done,instagram:18113721671096438,
2026-09-25,20:00,threads,text,,"안 팔리면 어떡하지. 이 걱정 때문에 시작을 못 하는 분들이 많습니다.\n\n사입 구조면 그 걱정이 맞아요. 돈이 먼저 나가니까요.\n찐한국은 위탁이라 그 구조가 아닙니다. 주문이 들어오면 본사에서 바로 나갑니다. 안 팔린 물건을 떠안을 일도, 창고도 필요 없어요.\n반응이 없으면 다음 품목으로 넘어가면 됩니다. 손해 볼 게 없으니까요.\n공급가도 저렴하고, 공구 오픈마켓 폐쇄몰 어디든 됩니다. 최소 수량이랑 공급가는 프로필 링크로 문의 주세요.\n\n실패해도 잃는 게 없으면 그건 실패가 아니라 테스트입니다.",done,threads:18097778735272487,
2026-09-26,15:00,threads,text,,"잘 팔리는 상품은 말이 많지 않습니다.\n\n'이거 하나면 끝', '즉시 효과' 이런 카피, 요즘 소비자는 오히려 걸러요.\n찐한국 숨결고체가글은 물 없이 씹어서 쓰는 가글입니다. 한 알 씹고 헹구면 끝, 무알코올이라 입안이 안 쏩니다. 24정이 손바닥만 한 케이스 하나라 가방에 툭 넣고 다녀요.\n할 수 있는 말만 적어도 상세페이지가 채워집니다. 과장을 뺀 자리에 신뢰가 들어오거든요.\n공급가는 저렴한 편이고, 최소 수량은 프로필 링크로 문의 주시면 안내드립니다.\n\n포장을 화려하게 안 해도 팔리는 상품이 진짜 좋은 상품이에요.",done,threads:18131446090663786,
2026-09-26,18:00,instagram,video,reel-0926.mp4,"고무장갑 길이가 34cm입니다.\n\n팔목까지 와서 물이 안으로 안 들어옵니다.\n설거지하다 소매 젖는 일, 이 길이면 없어요.\n\n설거지도 욕실 청소도 34cm면 넉넉합니다.\n\n써 보면 바로 아는 차이라 후기가 잘 붙습니다.\n\n위탁이라 재고 부담 없고 공급가도 저렴합니다.\n최소 수량이랑 공급가는 프로필 링크로 문의 주세요.\n\n#공동구매 #공구셀러 #위탁판매 #생활용품도매 #국내산 #스마트스토어 #폐쇄몰 #셀러모집 #찐한국",skip,꿀팁 계정 전환으로 취소,
2026-09-26,20:00,threads,image,glove-veg.jpg,"사진 몇 장으로 끝나는 상품이 공구에선 유리합니다.\n\n상세페이지 길게 만들고 영상까지 찍어야 팔리는 물건은 손이 너무 많이 가요. 한 번 올리고 끝나는 게 아니라 매번 그래야 하니까요.\n고무장갑은 사진 몇 장이면 됩니다. 길이 34cm, 손바닥 미끄럼 방지 패턴, 그레이랑 퍼플 두 가지 색.\n그 위에 '소매 안 젖는다' 한 줄 얹으면 할 말이 끝납니다.\n셀러 입장에선 콘텐츠 만드는 시간이 짧다는 게 곧 회전율이에요.\n위탁이고 최소 수량이랑 공급가는 프로필 링크로 문의 주세요.\n\n손 덜 가는 상품을 여러 번 돌리는 게 낫습니다.",skip,꿀팁 계정 전환으로 취소,
2026-09-27,15:00,threads,image,soap-lemon.jpg,"계절 타는 상품은 일 년의 절반이 비어 있습니다.\n\n여름에만 팔리는 것, 겨울에만 팔리는 것. 잘 나갈 땐 좋은데 나머지 반년은 다른 걸 찾아 헤매게 되죠.\n주방세제는 계절이 없습니다. 1월에도 8월에도 설거지는 하니까요.\n찐한국 주방세제는 베이킹소다가 기름때를 풀어주고, 음식 냄새는 덮는 게 아니라 분해해서 없앱니다. 식품에 닿아도 되는 성분이라 과일 채소 세척까지 되고요. 레몬향 500ml.\n셀러 입장에선 일 년 내내 돌릴 수 있는 품목이 하나 생기는 겁니다.\n위탁이고 최소 수량이랑 공급가는 프로필 링크로 문의 주세요.\n\n연중 팔리는 상품 하나가 시즌 대박 하나보다 낫습니다.",skip,꿀팁 계정 전환으로 취소,
2026-09-27,18:00,instagram,video,reel-0927.mp4,"손바닥에 미끄럼 방지 패턴이 있습니다.\n\n세제 묻은 접시도 안 미끄러지고, 젖은 그릇이나 칼을 잡을 때 손에서 안 빠집니다.\n\n놓쳐서 깨지는 일이 줄어듭니다.\n\n계절을 안 타서 일 년 내내 돌릴 수 있습니다.\n\n위탁이라 재고 부담 없고 공급가도 저렴합니다.\n최소 수량이랑 공급가는 프로필 링크로 문의 주세요.\n\n#공동구매 #공구셀러 #위탁판매 #생활용품도매 #국내산 #스마트스토어 #폐쇄몰 #셀러모집 #찐한국",skip,꿀팁 계정 전환으로 취소,
2026-09-27,20:00,threads,text,,"공구 셀러한테 제일 비싼 건 시간입니다.\n\n상품 찾고, 단가 협상하고, 재고 잡고. 팔기도 전에 며칠이 갑니다.\n찐한국은 그 앞단을 없앴습니다. 위탁이라 재고를 잡을 필요가 없고, 주문이 들어오면 본사에서 바로 나가요. 셀러는 파는 일만 하면 됩니다.\n품목도 고르기 쉽습니다. 고무장갑, 주방세제, 핸드워시, 치약, 고체가글. 전부 설명이 길게 필요 없고, 매달 다시 사는 것들이에요.\n공구, 오픈마켓, 폐쇄몰 어디든 됩니다. 최소 수량이랑 공급가는 프로필 링크로 문의 주세요.\n\n파는 데 쓸 시간을 파는 데 쓰게 하는 구조입니다.",skip,꿀팁 계정 전환으로 취소,
2026-09-28,12:30,threads,text,,"오늘의 꿀팁 🍯\n\n하루 하나씩 알려드려요.\n살림, 장보기, 생활 꿀팁.\n알아두면 쓸데 있는 것만 골라요.\n\n거창한 살림 비법 말고\n오늘 저녁에 바로 써먹을 수 있는 것들이요.\n대파 보관법, 냉장고 정리, 장보기 순서 같은 거.\n몰라서 버리고, 몰라서 더 사던 것들 줄여봐요.\n작은 습관 하나가 한 달 장바구니를 바꿔요.\n궁금한 살림 고민 있으면 댓글로 남겨주세요.\n\n아침, 점심, 저녁에 올라와요.\n출근길에 하나, 점심에 하나, 자기 전에 하나.\n놓치기 싫으면 팔로우 해두세요.\n\n괜찮은 물건 있으면 같이 알려드릴게요.\n추천 링크는 늘 댓글에 달아둘게요.",done,threads:17935328514383877,
2026-09-28,12:30,instagram,video,tip-00.mp4,"오늘의 꿀팁 🍯\n\n하루 하나씩 알려드려요.\n살림, 장보기, 생활 꿀팁.\n알아두면 쓸데 있는 것만 골라요.\n\n거창한 살림 비법 말고\n오늘 저녁에 바로 써먹을 수 있는 것들이요.\n대파 보관법, 냉장고 정리, 장보기 순서 같은 거.\n몰라서 버리고, 몰라서 더 사던 것들 줄여봐요.\n작은 습관 하나가 한 달 장바구니를 바꿔요.\n궁금한 살림 고민 있으면 댓글로 남겨주세요.\n\n아침, 점심, 저녁에 올라와요.\n출근길에 하나, 점심에 하나, 자기 전에 하나.\n놓치기 싫으면 팔로우 해두세요.\n\n괜찮은 물건 있으면 같이 알려드릴게요.\n추천 링크는 늘 댓글에 달아둘게요.\n\n#오늘의꿀팁 #살림꿀팁 #생활꿀팁 #주방꿀팁 #자취꿀팁 #살림팁 #꿀팁",done,instagram:17862163878692814,
2026-09-28,15:00,threads,text,,"처음 시작하는 셀러가 제일 많이 묻는 게 '얼마부터 시작할 수 있냐'입니다.\n\n찐한국은 거의 안 듭니다. 위탁이라 미리 사서 쌓아둘 게 없거든요. 주문이 들어오면 본사에서 바로 나갑니다.\n공급가도 저렴한 편이라 마진 잡기가 편합니다. 파는 사람 손에 남는 게 있어야 계속하니까요.\n품목은 고무장갑, 주방세제, 핸드워시, 치약, 고체가글. 설명이 길게 필요 없고 매달 다시 사는 것들입니다.\n공구도 되고 오픈마켓도 되고 폐쇄몰도 됩니다. 최소 수량이랑 공급가는 프로필 링크로 문의 주세요.\n\n시작 비용이 낮으면 오래 버틸 수 있습니다. 오래 버틴 셀러가 결국 남아요.",skip,꿀팁 계정 전환으로 취소,
2026-09-28,18:00,instagram,video,reel-0928.mp4,공급가가 저렴합니다.\n\n마진을 남기기 편한 구조예요.\n게다가 위탁이라 재고에 돈이 묶이지 않습니다.\n\n시작할 때 드는 돈이 거의 없습니다.\n\n최소 수량이랑 공급가는 프로필 링크로 문의 주세요.\n\n#공동구매 #공구셀러 #위탁판매 #생활용품도매 #국내산 #스마트스토어 #폐쇄몰 #셀러모집 #찐한국,skip,꿀팁 계정 전환으로 취소,
2026-09-28,20:00,threads,image,soap-sink.jpg,"매출은 사람 수가 아니라 장바구니 크기에서 갈립니다.\n\n같은 100명한테 팔아도 한 개씩 사가면 100개, 세 개씩 사가면 300개예요. 신규 모으는 것보다 이게 훨씬 쌉니다.\n찐한국은 고무장갑, 주방세제, 핸드워시가 전부 싱크대 앞에서 같이 쓰이는 것들입니다. 여기에 치약이랑 고체가글이 붙으면 욕실 칸까지 가고요.\n따로 파는 게 아니라 '주방 한 칸 정리'로 묶으면 자연스럽게 세 개가 담깁니다. 배송비도 한 번이고요.\n전부 위탁이고 공급가도 저렴합니다. 최소 수량은 프로필 링크로 문의 주세요.\n\n같은 사람한테 몇 개를 파느냐. 그게 공구 수익률입니다.",skip,꿀팁 계정 전환으로 취소,
2026-09-28,20:00,threads,text,,"대파 사 오면 바로 이렇게 해두세요.\n\n한 단 사면 반은 시들어서 버리잖아요.\n처음 10분만 손대면 2~3주 가요.\n\n① 흰 부분이랑 초록 부분 나누기\n뿌리는 잘라내고, 길이는 통에 맞게 잘라요.\n\n② 물기 완전히 닦기\n젖은 채로 넣으면 금방 물러요. 이게 제일 중요해요.\n\n③ 키친타월 깔고 밀폐용기에 세워서 냉장\n키친타월이 축축해지면 한 번씩 갈아주세요.\n\n오래 둘 거면 송송 썰어서 냉동.\n지퍼백에 펴서 얼리면 안 뭉쳐서\n국 끓일 때 한 줌씩 톡톡 꺼내 쓰면 돼요.\n\n뿌리는 버리지 말고 깨끗이 씻어 말려두세요.\n육수 낼 때 한 줌 넣으면 국물 맛이 달라져요.",done,threads:17989547594859727,
2026-09-28,20:00,instagram,video,tip-01.mp4,"대파 사 오면 바로 이렇게 해두세요.\n\n한 단 사면 반은 시들어서 버리잖아요.\n처음 10분만 손대면 2~3주 가요.\n\n① 흰 부분이랑 초록 부분 나누기\n뿌리는 잘라내고, 길이는 통에 맞게 잘라요.\n\n② 물기 완전히 닦기\n젖은 채로 넣으면 금방 물러요. 이게 제일 중요해요.\n\n③ 키친타월 깔고 밀폐용기에 세워서 냉장\n키친타월이 축축해지면 한 번씩 갈아주세요.\n\n오래 둘 거면 송송 썰어서 냉동.\n지퍼백에 펴서 얼리면 안 뭉쳐서\n국 끓일 때 한 줌씩 톡톡 꺼내 쓰면 돼요.\n\n뿌리는 버리지 말고 깨끗이 씻어 말려두세요.\n육수 낼 때 한 줌 넣으면 국물 맛이 달라져요.\n\n#오늘의꿀팁 #살림꿀팁 #생활꿀팁 #주방꿀팁 #자취꿀팁 #살림팁 #꿀팁",done,instagram:17968572053961876,
2026-09-29,08:00,threads,text,,"전자레인지 찌든 때, 박박 문지르지 마세요.\n\n안쪽 코팅에 흠집 나면 그 자리에 때가 더 잘 껴요.\n김으로 불려서 닦는 게 훨씬 쉬워요.\n\n① 전자레인지용 그릇에 물 한 컵, 식초 한 숟갈\n② 3분 돌리기\n③ 문 닫은 채로 5분 그대로 두기\n\n이 5분이 핵심이에요.\n안에 찬 김이 눌어붙은 때를 불려줘요.\n\n그다음 키친타월로 슥 닦으면\n천장이랑 벽에 튄 것까지 거의 다 지워져요.\n회전 접시는 빼서 따로 설거지하고요.\n\n식초 냄새 싫으면 레몬 껍질이나 귤껍질 넣어도 돼요.\n돌리고 나면 안에 밴 음식 냄새까지 같이 빠져요.\n\n일주일에 한 번만 해도 찌든 때 쌓일 일이 없어요.",done,threads:18167592409414490,
2026-09-29,08:00,instagram,video,tip-02.mp4,"전자레인지 찌든 때, 박박 문지르지 마세요.\n\n안쪽 코팅에 흠집 나면 그 자리에 때가 더 잘 껴요.\n김으로 불려서 닦는 게 훨씬 쉬워요.\n\n① 전자레인지용 그릇에 물 한 컵, 식초 한 숟갈\n② 3분 돌리기\n③ 문 닫은 채로 5분 그대로 두기\n\n이 5분이 핵심이에요.\n안에 찬 김이 눌어붙은 때를 불려줘요.\n\n그다음 키친타월로 슥 닦으면\n천장이랑 벽에 튄 것까지 거의 다 지워져요.\n회전 접시는 빼서 따로 설거지하고요.\n\n식초 냄새 싫으면 레몬 껍질이나 귤껍질 넣어도 돼요.\n돌리고 나면 안에 밴 음식 냄새까지 같이 빠져요.\n\n일주일에 한 번만 해도 찌든 때 쌓일 일이 없어요.\n\n#오늘의꿀팁 #살림꿀팁 #생활꿀팁 #주방꿀팁 #자취꿀팁 #살림팁 #꿀팁",done,instagram:18130204792773845,
2026-09-29,12:30,threads,text,,"계란, 냉장고 문 칸에 두고 계시죠?\n\n냉장고 살 때 문에 계란 칸이 있으니까\n다들 거기 넣는데요.\n사실 계란한테는 제일 안 좋은 자리예요.\n\n문 칸은 여닫을 때마다 바깥 공기가 닿아서\n온도가 계속 오르락내리락해요.\n계란은 온도가 일정한 안쪽 칸이 더 좋아요.\n\n그리고 뾰족한 쪽이 아래로.\n둥근 쪽에 공기주머니가 있어서\n이 방향으로 둬야 노른자가 가운데 잘 잡혀 있고\n더 신선하게 가요.\n\n제일 편한 건 사 온 팩째로 안쪽 칸에 넣기.\n팩에 원래 뾰족한 쪽이 아래로 담겨 있어서\n그대로만 두면 돼요.\n\n냉장고 냄새도 덜 배고, 깨질 일도 줄어요.",done,threads:17965949802190014,
2026-09-29,12:30,instagram,video,tip-03s.mp4,"계란, 냉장고 문 칸에 두고 계시죠?\n\n냉장고 살 때 문에 계란 칸이 있으니까\n다들 거기 넣는데요.\n사실 계란한테는 제일 안 좋은 자리예요.\n\n문 칸은 여닫을 때마다 바깥 공기가 닿아서\n온도가 계속 오르락내리락해요.\n계란은 온도가 일정한 안쪽 칸이 더 좋아요.\n\n그리고 뾰족한 쪽이 아래로.\n둥근 쪽에 공기주머니가 있어서\n이 방향으로 둬야 노른자가 가운데 잘 잡혀 있고\n더 신선하게 가요.\n\n제일 편한 건 사 온 팩째로 안쪽 칸에 넣기.\n팩에 원래 뾰족한 쪽이 아래로 담겨 있어서\n그대로만 두면 돼요.\n\n냉장고 냄새도 덜 배고, 깨질 일도 줄어요.\n\n#오늘의꿀팁 #살림꿀팁 #생활꿀팁 #주방꿀팁 #자취꿀팁 #살림팁 #꿀팁",done,instagram:18111291203127793,
2026-09-29,15:00,threads,image,hand-peony.jpg,"기능을 열 줄 적는 것보다 장면 하나가 셉니다.\n\n'보습 성분 함유'보다 '생선 만진 손 냄새가 안 남는다'가 훨씬 잘 팔려요. 겪어 본 사람이 많거든요.\n찐한국 핸드워시는 미세 거품이라 손톱 사이까지 들어갑니다. 생선 만진 손, 마늘 다진 손. 밴 냄새까지 씻어내고 기름기랑 미끌거림도 같이 걷어내요.\n헹굼이 빨라서 손에 미끈거림이 안 남으니 요리 바로 전에도 씁니다.\n셀러 입장에선 소구 한 줄이 명확한 상품이 카피 쓰기 편합니다.\n위탁이고 최소 수량이랑 공급가는 프로필 링크로 문의 주세요.\n\n기능을 나열하지 말고 장면 하나를 주세요.",skip,꿀팁 계정 전환으로 취소,
2026-09-29,18:00,instagram,video,reel-0929.mp4,"설거지하는 손을 위해 보습 성분이 들어 있습니다.\n\n세제만 쓰면 손이 트는데, 그 부분을 잡았어요.\n장갑 없이 잠깐 씻을 때도 부담이 덜합니다.\n\n매일 쓰고 다 쓰면 다시 사는 물건입니다. 한 번 팔고 끝나지 않아요.\n\n위탁이라 재고 부담 없고 공급가도 저렴합니다.\n최소 수량이랑 공급가는 프로필 링크로 문의 주세요.\n\n#공동구매 #공구셀러 #위탁판매 #생활용품도매 #국내산 #스마트스토어 #폐쇄몰 #셀러모집 #찐한국",skip,꿀팁 계정 전환으로 취소,
2026-09-29,20:00,threads,image,soap-veg.jpg,"살 이유가 두 개인 상품은 거절당하기 어렵습니다.\n\n'설거지 세제 필요하세요?' 하면 있는 사람은 넘어갑니다. 그런데 쓰임이 하나 더 붙으면 얘기가 달라져요.\n찐한국 주방세제는 식품에 직접 닿아도 되는 성분이라, 과일이랑 채소 세척에 그대로 씁니다. 그릇만 닦는 세제가 아닌 거죠.\n셀러 입장에선 소구점이 두 개라는 게 큽니다. 하나가 안 먹히면 다른 하나로 붙잡을 수 있으니까요.\n기름때는 베이킹소다가 풀어주고, 설거지하는 손을 위해 보습 성분도 들어 있습니다. 레몬향 500ml.\n위탁이고 최소 수량이랑 공급가는 프로필 링크로 문의 주세요.\n\n쓰임이 많은 물건이 설득이 쉽습니다.",skip,꿀팁 계정 전환으로 취소,
2026-09-29,20:00,threads,text,,"밥은 식기 전에 얼리세요.\n\n남은 밥 식혀서 얼렸다가\n데우면 푸석푸석하죠.\n얼리는 타이밍 차이예요.\n\n① 갓 지은 밥을 1인분씩 덜기\n② 따뜻할 때 랩으로 납작하게 싸기\n③ 한 김 식으면 바로 냉동실로\n\n밥에 수분이 있을 때 가둬야\n데웠을 때 촉촉하게 돌아와요.\n\n납작하게 싸는 것도 중요해요.\n동그랗게 뭉치면 가운데만 차갑고 겉은 말라요.\n납작하면 골고루, 빨리 데워져요.\n\n먹을 땐 랩 살짝 열고 전자레인지 2~3분.\n갓 한 밥이랑 거의 차이 없어요.\n\n밥 한 번에 많이 해두면\n저녁마다 밥솥 안 켜도 되고 전기도 아껴요.\n냉동한 밥은 한 달 안에 먹는 게 제일 맛있어요.",done,threads:18073394828727283,
2026-09-29,20:00,instagram,video,tip-04s.mp4,"밥은 식기 전에 얼리세요.\n\n남은 밥 식혀서 얼렸다가\n데우면 푸석푸석하죠.\n얼리는 타이밍 차이예요.\n\n① 갓 지은 밥을 1인분씩 덜기\n② 따뜻할 때 랩으로 납작하게 싸기\n③ 한 김 식으면 바로 냉동실로\n\n밥에 수분이 있을 때 가둬야\n데웠을 때 촉촉하게 돌아와요.\n\n납작하게 싸는 것도 중요해요.\n동그랗게 뭉치면 가운데만 차갑고 겉은 말라요.\n납작하면 골고루, 빨리 데워져요.\n\n먹을 땐 랩 살짝 열고 전자레인지 2~3분.\n갓 한 밥이랑 거의 차이 없어요.\n\n밥 한 번에 많이 해두면\n저녁마다 밥솥 안 켜도 되고 전기도 아껴요.\n냉동한 밥은 한 달 안에 먹는 게 제일 맛있어요.\n\n#오늘의꿀팁 #살림꿀팁 #생활꿀팁 #주방꿀팁 #자취꿀팁 #살림팁 #꿀팁",done,instagram:18100168961326769,
2026-09-30,08:00,threads,text,,"마트 장보기, 순서만 바꿔도 달라요.\n\n입구 들어가자마자 냉동 코너부터 가시는 분 많은데요.\n그러면 장 보는 30분 내내 카트에서 녹아요.\n\n① 휴지, 세제 같은 생활용품 먼저\n② 라면, 통조림, 과자 같은 상온 식품\n③ 채소, 우유, 고기 같은 냉장 식품\n④ 냉동식품은 계산하기 직전에\n\n냉동식품은 녹았다 다시 얼면\n얼음 결정이 커지면서 맛이랑 식감이 확 떨어져요.\n아이스크림 한 번 녹았다 얼면 서걱거리는 거랑 같아요.\n\n담을 때도 냉동은 냉동끼리, 냉장은 냉장끼리 모으기.\n서로 차가운 기운을 지켜줘요.\n\n장바구니 보냉백 하나 있으면 더 좋고요.\n집 가는 길이 길면 이게 꽤 차이 나요.",done,threads:17929031706420205,
2026-09-30,08:00,instagram,video,tip-05s.mp4,"마트 장보기, 순서만 바꿔도 달라요.\n\n입구 들어가자마자 냉동 코너부터 가시는 분 많은데요.\n그러면 장 보는 30분 내내 카트에서 녹아요.\n\n① 휴지, 세제 같은 생활용품 먼저\n② 라면, 통조림, 과자 같은 상온 식품\n③ 채소, 우유, 고기 같은 냉장 식품\n④ 냉동식품은 계산하기 직전에\n\n냉동식품은 녹았다 다시 얼면\n얼음 결정이 커지면서 맛이랑 식감이 확 떨어져요.\n아이스크림 한 번 녹았다 얼면 서걱거리는 거랑 같아요.\n\n담을 때도 냉동은 냉동끼리, 냉장은 냉장끼리 모으기.\n서로 차가운 기운을 지켜줘요.\n\n장바구니 보냉백 하나 있으면 더 좋고요.\n집 가는 길이 길면 이게 꽤 차이 나요.\n\n#오늘의꿀팁 #살림꿀팁 #생활꿀팁 #주방꿀팁 #자취꿀팁 #살림팁 #꿀팁",error,instagram:ERROR,
2026-09-30,12:30,threads,text,,"유통기한 지났다고 바로 버리지 마세요.\n\n요즘 식품엔 유통기한 대신\n'소비기한'이 적혀 있어요.\n둘이 뜻이 달라요.\n\n유통기한은 가게에서 팔 수 있는 기한이에요.\n소비기한은 먹어도 괜찮은 기한이고요.\n그래서 소비기한이 유통기한보다 길어요.\n\n예전엔 유통기한 하루만 지나도\n아까운데 그냥 버렸잖아요.\n이제 라벨에 소비기한이라고 적혀 있으면\n그 날짜까지는 먹어도 돼요.\n\n단, 이건 보관 방법을 지켰을 때 얘기예요.\n냉장 제품을 밖에 오래 뒀거나\n포장을 이미 뜯었다면 날짜 전이라도 조심하세요.\n\n냉장고 정리할 때 라벨 한 번씩 확인해 보세요.\n생각보다 버릴 게 줄어요.",done,threads:18362796253301374,
2026-09-30,12:30,instagram,video,tip-06s.mp4,"유통기한 지났다고 바로 버리지 마세요.\n\n요즘 식품엔 유통기한 대신\n'소비기한'이 적혀 있어요.\n둘이 뜻이 달라요.\n\n유통기한은 가게에서 팔 수 있는 기한이에요.\n소비기한은 먹어도 괜찮은 기한이고요.\n그래서 소비기한이 유통기한보다 길어요.\n\n예전엔 유통기한 하루만 지나도\n아까운데 그냥 버렸잖아요.\n이제 라벨에 소비기한이라고 적혀 있으면\n그 날짜까지는 먹어도 돼요.\n\n단, 이건 보관 방법을 지켰을 때 얘기예요.\n냉장 제품을 밖에 오래 뒀거나\n포장을 이미 뜯었다면 날짜 전이라도 조심하세요.\n\n냉장고 정리할 때 라벨 한 번씩 확인해 보세요.\n생각보다 버릴 게 줄어요.\n\n#오늘의꿀팁 #살림꿀팁 #생활꿀팁 #주방꿀팁 #자취꿀팁 #살림팁 #꿀팁",done,instagram:18106766072218190,
2026-09-30,15:00,threads,text,,들고 다닐 수 있느냐가 소비량을 바꿉니다.\n\n집에만 두는 물건은 하루 한 번 쓰고 끝나요. 가방에 들어가는 물건은 하루에 몇 번씩 씁니다. 그만큼 빨리 없어지고요.\n숨결고체가글은 물 없이 씹는 가글입니다. 한 알 씹고 헹구면 끝이라 어디서든 됩니다. 24정이 손바닥만 한 케이스 하나라 가방에도 주머니에도 들어가요. 무알코올이라 입안이 안 쏩니다.\n액체 가글로는 안 되는 걸 하는 물건이라 살 이유가 분명합니다.\n위탁이고 공급가도 저렴합니다. 최소 수량은 프로필 링크로 문의 주세요.\n\n어디서 쓰이느냐가 얼마나 빨리 없어지느냐를 정합니다.,skip,꿀팁 계정 전환으로 취소,
2026-09-30,18:00,instagram,video,reel-0930.mp4,"사입 안 하셔도 됩니다.\n\n찐한국은 위탁이라, 주문이 들어오면 본사에서 보냅니다.\n안 팔린 물건을 떠안을 일도, 창고도 필요 없습니다.\n\n공급가도 저렴합니다.\n\n최소 수량이랑 공급가는 프로필 링크로 문의 주세요.\n\n#공동구매 #공구셀러 #위탁판매 #생활용품도매 #국내산 #스마트스토어 #폐쇄몰 #셀러모집 #찐한국",skip,꿀팁 계정 전환으로 취소,
2026-09-30,20:00,threads,text,,"공구는 '뭘 파느냐'보다 '몇 번 여느냐'입니다.\n\n한 번 크게 여는 것보다 꾸준히 도는 게 결국 큽니다. 그러려면 계속 열 수 있는 품목이 있어야 해요.\n찐한국은 전부 매일 쓰고 매달 없어지는 것들입니다. 고무장갑, 주방세제, 핸드워시, 치약, 고체가글.\n이번 달에 장갑으로 열고, 다음 달에 세제로 열고, 그다음엔 묶음으로 여는 식이 됩니다. 같은 고객한테 계속 열 수 있는 거죠.\n전부 위탁이고 공급가도 저렴합니다. 최소 수량은 프로필 링크로 문의 주세요.\n\n대박 한 번보다 열두 번 여는 게 낫습니다.",skip,꿀팁 계정 전환으로 취소,
2026-09-30,20:00,threads,text,,"감자랑 양파, 같이 두면 안 돼요.\n\n둘 다 서늘한 데 두라고 해서\n한 바구니에 같이 넣어두기 쉬운데요.\n서로 상하게 만들어요.\n\n양파에서 나오는 가스랑 수분 때문에\n감자가 빨리 싹이 나고 물러져요.\n감자 싹에는 독성이 있어서\n싹 난 부분은 꼭 넉넉하게 도려내야 하고요.\n\n감자는 서늘하고 어두운 곳에.\n빛을 받으면 껍질이 초록색으로 변하는데\n이것도 싹이랑 같은 성분이라 먹으면 안 돼요.\n종이봉투나 상자에 넣어두면 좋아요.\n\n양파는 바람 잘 통하는 곳에 따로.\n양파망에 담아서 걸어두면 제일 오래 가요.\n\n냉장고엔 넣지 마세요.\n감자는 냉장 보관하면 맛이 달라지고\n양파는 습기 때문에 오히려 빨리 물러요.",,,
2026-09-30,20:00,instagram,video,tip-07s.mp4,"감자랑 양파, 같이 두면 안 돼요.\n\n둘 다 서늘한 데 두라고 해서\n한 바구니에 같이 넣어두기 쉬운데요.\n서로 상하게 만들어요.\n\n양파에서 나오는 가스랑 수분 때문에\n감자가 빨리 싹이 나고 물러져요.\n감자 싹에는 독성이 있어서\n싹 난 부분은 꼭 넉넉하게 도려내야 하고요.\n\n감자는 서늘하고 어두운 곳에.\n빛을 받으면 껍질이 초록색으로 변하는데\n이것도 싹이랑 같은 성분이라 먹으면 안 돼요.\n종이봉투나 상자에 넣어두면 좋아요.\n\n양파는 바람 잘 통하는 곳에 따로.\n양파망에 담아서 걸어두면 제일 오래 가요.\n\n냉장고엔 넣지 마세요.\n감자는 냉장 보관하면 맛이 달라지고\n양파는 습기 때문에 오히려 빨리 물러요.\n\n#오늘의꿀팁 #살림꿀팁 #생활꿀팁 #주방꿀팁 #자취꿀팁 #살림팁 #꿀팁",,,
2026-10-01,08:00,threads,text,,"싱크대 배수구 냄새, 이렇게 잡아요.\n\n락스 붓고 끝내면\n그때뿐이고 며칠 지나면 또 올라와요.\n배관 안에 낀 기름때가 그대로 있어서예요.\n\n① 배수구 거름망 빼서 따로 씻기\n② 베이킹소다 반 컵 배수구에 뿌리기\n③ 식초 한 컵 붓기\n\n보글보글 거품이 올라오는데\n이게 안쪽 기름때를 불려줘요.\n\n④ 10분 뒤 뜨거운 물로 헹구기\n\n팔팔 끓는 물은 배관이 상할 수 있어요.\n수돗물 제일 뜨겁게 튼 정도면 충분해요.\n\n평소엔 기름 많은 설거지하고 나서\n뜨거운 물 좀 흘려보내 주기만 해도 좋아요.\n기름이 굳기 전에 내려보내는 거예요.\n\n일주일에 한 번만 해도 냄새 안 올라와요.",,,
2026-10-01,08:00,instagram,video,tip-08s.mp4,"싱크대 배수구 냄새, 이렇게 잡아요.\n\n락스 붓고 끝내면\n그때뿐이고 며칠 지나면 또 올라와요.\n배관 안에 낀 기름때가 그대로 있어서예요.\n\n① 배수구 거름망 빼서 따로 씻기\n② 베이킹소다 반 컵 배수구에 뿌리기\n③ 식초 한 컵 붓기\n\n보글보글 거품이 올라오는데\n이게 안쪽 기름때를 불려줘요.\n\n④ 10분 뒤 뜨거운 물로 헹구기\n\n팔팔 끓는 물은 배관이 상할 수 있어요.\n수돗물 제일 뜨겁게 튼 정도면 충분해요.\n\n평소엔 기름 많은 설거지하고 나서\n뜨거운 물 좀 흘려보내 주기만 해도 좋아요.\n기름이 굳기 전에 내려보내는 거예요.\n\n일주일에 한 번만 해도 냄새 안 올라와요.\n\n#오늘의꿀팁 #살림꿀팁 #생활꿀팁 #주방꿀팁 #자취꿀팁 #살림팁 #꿀팁",,,
2026-10-01,12:30,threads,text,,세제 많이 넣는다고 더 깨끗해지지 않아요.\n\n빨래 많을 때 세제 한 번 더 붓게 되죠.\n그런데 이게 오히려 역효과예요.\n\n세제가 많으면 헹굼에서 다 안 빠져요.\n옷감에 남은 세제에 먼지랑 때가 다시 붙고\n빨래에서 쿰쿰한 냄새가 나요.\n수건이 뻣뻣해지는 것도 이것 때문일 때가 많아요.\n\n세제 통에 적힌 정량만 넣으세요.\n빨래 양이 적으면 더 줄이고요.\n\n냄새가 이미 났다면\n세제 없이 헹굼만 한 번 더 돌려보세요.\n남은 세제가 빠지면서 꽤 좋아져요.\n\n세탁조에도 세제 찌꺼기가 덜 쌓여서\n세탁기 곰팡이도 줄어요.\n세제 값도 아끼고 세탁기도 오래 쓰는 거죠.,,,
2026-10-01,12:30,instagram,video,tip-09s.mp4,세제 많이 넣는다고 더 깨끗해지지 않아요.\n\n빨래 많을 때 세제 한 번 더 붓게 되죠.\n그런데 이게 오히려 역효과예요.\n\n세제가 많으면 헹굼에서 다 안 빠져요.\n옷감에 남은 세제에 먼지랑 때가 다시 붙고\n빨래에서 쿰쿰한 냄새가 나요.\n수건이 뻣뻣해지는 것도 이것 때문일 때가 많아요.\n\n세제 통에 적힌 정량만 넣으세요.\n빨래 양이 적으면 더 줄이고요.\n\n냄새가 이미 났다면\n세제 없이 헹굼만 한 번 더 돌려보세요.\n남은 세제가 빠지면서 꽤 좋아져요.\n\n세탁조에도 세제 찌꺼기가 덜 쌓여서\n세탁기 곰팡이도 줄어요.\n세제 값도 아끼고 세탁기도 오래 쓰는 거죠.\n\n#오늘의꿀팁 #살림꿀팁 #생활꿀팁 #주방꿀팁 #자취꿀팁 #살림팁 #꿀팁,,,
2026-10-01,15:00,threads,image,soap-two.jpg,"브랜드가 흩어지면 배송비가 두 번, 세 번 나갑니다.\n\n주방용품은 A에서, 욕실용품은 B에서. 소비자도 번거롭고 셀러도 정산이 복잡해져요.\n찐한국은 고무장갑, 주방세제, 핸드워시로 주방 한 칸이 채워지고 치약이랑 고체가글로 욕실 칸까지 갑니다. 한 브랜드로 카테고리가 묶이는 거죠.\n한 번에 담기고 한 번에 나갑니다. 셀러 입장에선 관리할 거래처가 하나예요.\n전부 위탁이고 공급가도 저렴합니다. 최소 수량은 프로필 링크로 문의 주세요.\n\n품목을 늘리는 것보다 거래처를 줄이는 게 이익일 때가 많습니다.",skip,꿀팁 계정 전환으로 취소,
2026-10-01,18:00,instagram,video,reel-1001.mp4,"주방에서 같이 쓰이는 것들입니다.\n\n고무장갑, 주방세제, 핸드워시.\n여기에 치약이랑 고체가글까지 붙으면 욕실 칸도 채워집니다.\n\n한 브랜드로 카테고리가 묶이고, 가격도 저렴합니다.\n\n설명이 길게 필요 없어서 공구에서 전환이 빠릅니다.\n\n위탁이라 재고 부담 없고 공급가도 저렴합니다.\n최소 수량이랑 공급가는 프로필 링크로 문의 주세요.\n\n#공동구매 #공구셀러 #위탁판매 #생활용품도매 #국내산 #스마트스토어 #폐쇄몰 #셀러모집 #찐한국",skip,꿀팁 계정 전환으로 취소,
2026-10-01,20:00,threads,image,hand-bottle.jpg,"소비 속도가 곧 재주문 주기입니다.\n\n느리게 닳는 물건은 한 번 팔면 반년을 기다려야 해요. 공구 셀러한테는 치명적입니다.\n핸드워시는 하루에 몇 번씩 쓰는 자리에 놓입니다. 요리 전에도, 화장실 다녀와서도, 장 보고 들어와서도요. 그래서 비는 속도가 빠릅니다.\n찐한국 핸드워시는 미세 거품이라 손톱 사이까지 들어가고, 헹굼이 빨라서 미끈거림이 안 남습니다. 보습 성분 세 가지에 진정 성분까지 들어가서 몇 번을 씻어도 손이 안 당겨요.\n위탁이고 공급가도 저렴합니다. 최소 수량은 프로필 링크로 문의 주세요.\n\n빨리 닳는 물건을 파세요. 그게 다음 달 매출입니다.",skip,꿀팁 계정 전환으로 취소,
2026-10-01,20:00,threads,text,,냉장고는 꽉 채우면 손해예요.\n\n장 보고 오면 빈틈없이 쑤셔 넣게 되는데요.\n냉장실은 찬 공기가 돌아야 시원해져요.\n\n꽉 차 있으면\n찬 공기가 안쪽까지 못 가서\n구석에 있는 음식부터 상하고\n냉장고는 더 세게 돌아가서 전기도 더 먹어요.\n\n냉장실은 70% 정도만 채우기.\n뒤쪽 벽에 찬 바람 나오는 구멍은 막지 않기.\n\n대신 냉동실은 반대예요.\n꽉 채울수록 좋아요.\n얼린 것끼리 서로 냉기를 지켜줘서\n문 열었다 닫아도 온도가 덜 올라가요.\n\n장 보러 가기 전에 냉장고 한 번 비우기.\n뭐가 있는지 보이니까 겹쳐 사는 것도 줄어요.\n이 습관 하나로 버리는 음식이 확 줄어요.,,,
2026-10-01,20:00,instagram,video,tip-10s.mp4,냉장고는 꽉 채우면 손해예요.\n\n장 보고 오면 빈틈없이 쑤셔 넣게 되는데요.\n냉장실은 찬 공기가 돌아야 시원해져요.\n\n꽉 차 있으면\n찬 공기가 안쪽까지 못 가서\n구석에 있는 음식부터 상하고\n냉장고는 더 세게 돌아가서 전기도 더 먹어요.\n\n냉장실은 70% 정도만 채우기.\n뒤쪽 벽에 찬 바람 나오는 구멍은 막지 않기.\n\n대신 냉동실은 반대예요.\n꽉 채울수록 좋아요.\n얼린 것끼리 서로 냉기를 지켜줘서\n문 열었다 닫아도 온도가 덜 올라가요.\n\n장 보러 가기 전에 냉장고 한 번 비우기.\n뭐가 있는지 보이니까 겹쳐 사는 것도 줄어요.\n이 습관 하나로 버리는 음식이 확 줄어요.\n\n#오늘의꿀팁 #살림꿀팁 #생활꿀팁 #주방꿀팁 #자취꿀팁 #살림팁 #꿀팁,,,
2026-10-02,08:00,threads,text,,"도마 하나로 다 쓰고 계시면 꼭 보세요.\n\n생고기나 생선 썬 도마를\n물로 대충 헹구고 바로 채소나 과일 썰면\n균이 그대로 옮아가요.\n고기는 익혀 먹지만 채소는 생으로 먹잖아요.\n\n최소 두 개로 나누기.\n채소·과일용, 고기·생선용.\n색깔 다른 걸로 사두면 헷갈릴 일 없어요.\n\n하나밖에 없다면\n채소 먼저 썰고 고기는 나중에.\n순서만 지켜도 훨씬 나아요.\n\n다 쓰고 나선 세제로 씻고\n뜨거운 물로 한 번 더 헹궈서\n세워서 바짝 말리기.\n눕혀두면 밑면이 안 말라서 곰팡이가 펴요.\n\n칼자국이 깊게 팼으면 바꿀 때예요.\n그 틈에 때가 껴서 잘 안 빠져요.",,,
2026-10-02,08:00,instagram,video,tip-11s.mp4,"도마 하나로 다 쓰고 계시면 꼭 보세요.\n\n생고기나 생선 썬 도마를\n물로 대충 헹구고 바로 채소나 과일 썰면\n균이 그대로 옮아가요.\n고기는 익혀 먹지만 채소는 생으로 먹잖아요.\n\n최소 두 개로 나누기.\n채소·과일용, 고기·생선용.\n색깔 다른 걸로 사두면 헷갈릴 일 없어요.\n\n하나밖에 없다면\n채소 먼저 썰고 고기는 나중에.\n순서만 지켜도 훨씬 나아요.\n\n다 쓰고 나선 세제로 씻고\n뜨거운 물로 한 번 더 헹궈서\n세워서 바짝 말리기.\n눕혀두면 밑면이 안 말라서 곰팡이가 펴요.\n\n칼자국이 깊게 팼으면 바꿀 때예요.\n그 틈에 때가 껴서 잘 안 빠져요.\n\n#오늘의꿀팁 #살림꿀팁 #생활꿀팁 #주방꿀팁 #자취꿀팁 #살림팁 #꿀팁",,,
2026-10-02,12:30,threads,text,,"쌀, 냉장고에 보관해 보세요.\n\n쌀은 싱크대 아래나 베란다에 많이 두는데요.\n실온에선 생각보다 빨리 맛이 떨어져요.\n\n여름엔 쌀벌레가 생기기 쉽고\n공기랑 닿으면서 쌀 속 지방이 산화돼요.\n밥에서 묵은 냄새가 나는 게 이것 때문이에요.\n\n① 쌀 사 오면 바로 소분하기\n② 페트병이나 밀폐용기에 담기\n③ 냉장실에 넣기\n\n페트병은 깨끗이 씻어서 완전히 말린 걸로.\n2리터 병 하나에 쌀 1.5kg 정도 들어가요.\n눕혀서 넣어도 돼서 자리도 덜 차지해요.\n\n그리고 한 번에 많이 사기보다\n한 달 안에 먹을 만큼 사는 게 밥맛 좋아요.\n도정한 지 얼마 안 된 쌀일수록 맛있거든요.\n쌀 포대에 적힌 도정일도 한 번 보세요.",,,
2026-10-02,12:30,instagram,video,tip-12s.mp4,"쌀, 냉장고에 보관해 보세요.\n\n쌀은 싱크대 아래나 베란다에 많이 두는데요.\n실온에선 생각보다 빨리 맛이 떨어져요.\n\n여름엔 쌀벌레가 생기기 쉽고\n공기랑 닿으면서 쌀 속 지방이 산화돼요.\n밥에서 묵은 냄새가 나는 게 이것 때문이에요.\n\n① 쌀 사 오면 바로 소분하기\n② 페트병이나 밀폐용기에 담기\n③ 냉장실에 넣기\n\n페트병은 깨끗이 씻어서 완전히 말린 걸로.\n2리터 병 하나에 쌀 1.5kg 정도 들어가요.\n눕혀서 넣어도 돼서 자리도 덜 차지해요.\n\n그리고 한 번에 많이 사기보다\n한 달 안에 먹을 만큼 사는 게 밥맛 좋아요.\n도정한 지 얼마 안 된 쌀일수록 맛있거든요.\n쌀 포대에 적힌 도정일도 한 번 보세요.\n\n#오늘의꿀팁 #살림꿀팁 #생활꿀팁 #주방꿀팁 #자취꿀팁 #살림팁 #꿀팁",,,
2026-10-02,15:00,threads,image,soap-pan.jpg,"후기가 잘 붙는 상품과 안 붙는 상품이 있습니다.\n\n차이는 하나예요. 쓰자마자 체감이 오느냐.\n찐한국 주방세제는 베이킹소다가 기름을 풀어줍니다. 눌어붙은 팬을 힘줘서 문지를 필요가 없어요. 이건 첫 설거지에 바로 압니다.\n음식 냄새랑 물비린내도 덮는 게 아니라 분해해서 없앱니다. 설거지 끝나고 손에 안 남아요.\n셀러 입장에선 후기 확보가 쉽다는 게 큽니다. 후기가 쌓이면 다음 공구 설득이 저절로 돼요.\n위탁이라 재고 부담 없고, 최소 수량이랑 공급가는 프로필 링크로 문의 주세요.\n\n말로 설명하는 것보다 한 번 써 본 사람 한 줄이 셉니다.",skip,꿀팁 계정 전환으로 취소,
2026-10-02,18:00,instagram,video,reel-1002.mp4,"미세 거품이라 손톱 사이까지 들어갑니다.\n\n생선 만진 손, 마늘 다진 손. 손에 밴 냄새까지 씻어냅니다.\n요리 후 기름기랑 미끌거림도 같이 걷어냅니다.\n\n싱크대 앞에서 같이 쓰이는 것들이라 묶으면 장바구니가 커집니다.\n\n위탁이라 재고 부담 없고 공급가도 저렴합니다.\n최소 수량이랑 공급가는 프로필 링크로 문의 주세요.\n\n#공동구매 #공구셀러 #위탁판매 #생활용품도매 #국내산 #스마트스토어 #폐쇄몰 #셀러모집 #찐한국",skip,꿀팁 계정 전환으로 취소,
2026-10-02,20:00,threads,image,glove-hang.jpg,"반품과 클레임이 마진을 갉아먹습니다.\n\n한 건 터지면 그날 판 것 여러 개가 날아가요. 그래서 '실패 확률이 낮은 상품'을 고르는 게 중요합니다.\n고무장갑은 사이즈 실패가 제일 흔한데, 찐한국은 한국인 손에 맞춰 만들었습니다. 헐렁하지 않고 손가락 끝이 남지 않아요. 오래 껴도 안 불편합니다.\n두께는 얇게 뽑아서 손 감각이 살아 있고, 그러면서 잘 늘어나고 잘 안 찢어집니다. 몇 번 쓰고 터지는 일이 없어야 클레임이 안 들어오죠.\n위탁이라 재고 부담 없고, 최소 수량이랑 공급가는 프로필 링크로 문의 주세요.\n\n잘 팔리는 상품보다 탈 안 나는 상품이 오래 갑니다.",skip,꿀팁 계정 전환으로 취소,
2026-10-02,20:00,threads,text,,"수세미, 마지막으로 언제 바꾸셨어요?\n\n설거지하고 나면 깨끗해 보이니까\n몇 달씩 쓰게 되는데요.\n주방에서 세균이 제일 많은 물건 중 하나예요.\n\n늘 젖어 있고\n음식물 찌꺼기가 틈에 끼어 있어서\n세균이 살기 딱 좋은 환경이에요.\n설거지할수록 그릇에 세균을 옮기는 거죠.\n\n① 쓰고 나선 꽉 짜기\n② 바람 잘 통하는 곳에 세워서 말리기\n③ 최소 한 달에 한 번은 새 걸로\n\n싱크대 바닥에 눕혀두면 절대 안 말라요.\n수세미 걸이 하나 달아두면 편해요.\n\n설거지용이랑 싱크대 청소용은 따로.\n헌 수세미는 버리지 말고\n싱크대나 배수구 닦는 용으로 한 번 더 쓰고 버리면 돼요.\n\n냄새가 나기 시작했으면 이미 늦은 거예요.",,,
2026-10-02,20:00,instagram,video,tip-13s.mp4,"수세미, 마지막으로 언제 바꾸셨어요?\n\n설거지하고 나면 깨끗해 보이니까\n몇 달씩 쓰게 되는데요.\n주방에서 세균이 제일 많은 물건 중 하나예요.\n\n늘 젖어 있고\n음식물 찌꺼기가 틈에 끼어 있어서\n세균이 살기 딱 좋은 환경이에요.\n설거지할수록 그릇에 세균을 옮기는 거죠.\n\n① 쓰고 나선 꽉 짜기\n② 바람 잘 통하는 곳에 세워서 말리기\n③ 최소 한 달에 한 번은 새 걸로\n\n싱크대 바닥에 눕혀두면 절대 안 말라요.\n수세미 걸이 하나 달아두면 편해요.\n\n설거지용이랑 싱크대 청소용은 따로.\n헌 수세미는 버리지 말고\n싱크대나 배수구 닦는 용으로 한 번 더 쓰고 버리면 돼요.\n\n냄새가 나기 시작했으면 이미 늦은 거예요.\n\n#오늘의꿀팁 #살림꿀팁 #생활꿀팁 #주방꿀팁 #자취꿀팁 #살림팁 #꿀팁",,,
2026-10-03,08:00,threads,text,,바나나 금방 까매지죠.\n\n사 온 지 이틀만 지나도 점이 생기고\n사흘이면 거뭇거뭇해져요.\n\n① 꼭지 부분을 랩으로 감싸기\n바나나를 익게 만드는 가스가\n꼭지 쪽에서 많이 나와요.\n여기만 막아도 익는 속도가 느려져요.\n\n② 바나나 걸이에 걸어두기\n바닥에 눕혀두면 닿는 부분부터 멍들고 물러요.\n걸이 없으면 옷걸이에 걸어도 돼요.\n\n③ 사과랑 같이 두지 않기\n사과도 같은 가스가 많이 나와서\n옆에 두면 바나나가 훨씬 빨리 익어요.\n\n그래도 너무 익었으면 껍질 까서 냉동하세요.\n한 입 크기로 잘라서 얼리면\n스무디나 바나나빵 만들 때 딱이에요.\n설탕 안 넣어도 달아요.,,,
2026-10-03,08:00,instagram,video,tip-14s.mp4,바나나 금방 까매지죠.\n\n사 온 지 이틀만 지나도 점이 생기고\n사흘이면 거뭇거뭇해져요.\n\n① 꼭지 부분을 랩으로 감싸기\n바나나를 익게 만드는 가스가\n꼭지 쪽에서 많이 나와요.\n여기만 막아도 익는 속도가 느려져요.\n\n② 바나나 걸이에 걸어두기\n바닥에 눕혀두면 닿는 부분부터 멍들고 물러요.\n걸이 없으면 옷걸이에 걸어도 돼요.\n\n③ 사과랑 같이 두지 않기\n사과도 같은 가스가 많이 나와서\n옆에 두면 바나나가 훨씬 빨리 익어요.\n\n그래도 너무 익었으면 껍질 까서 냉동하세요.\n한 입 크기로 잘라서 얼리면\n스무디나 바나나빵 만들 때 딱이에요.\n설탕 안 넣어도 달아요.\n\n#오늘의꿀팁 #살림꿀팁 #생활꿀팁 #주방꿀팁 #자취꿀팁 #살림팁 #꿀팁,,,
2026-10-03,12:30,threads,text,,"눅눅해진 김, 버리지 마세요.\n\n김 한 봉지 뜯어놓고\n며칠 지나면 눅눅해서 못 먹겠죠.\n이거 바삭하게 살릴 수 있어요.\n\n프라이팬으로 할 때는\n기름 없이 마른 팬을 약불로 달구고\n김을 한 장씩 앞뒤로 몇 초씩만.\n색이 살짝 초록빛으로 바뀌면 된 거예요.\n오래 두면 금방 타요.\n\n전자레인지로 할 때는\n접시에 김을 겹치지 않게 펴고\n20초 정도 돌리면 돼요.\n꺼내서 한 김 식히면 바삭해져요.\n\n남은 김은 지퍼백에 넣어서\n공기 빼고 냉동실에 두세요.\n꺼내서 바로 먹어도 눅눅하지 않아요.\n\n조미김도 같은 방법으로 돼요.\n대신 기름이 발라져 있어서 더 빨리 타니까\n시간을 반으로 줄이세요.",,,
2026-10-03,12:30,instagram,video,tip-15s.mp4,"눅눅해진 김, 버리지 마세요.\n\n김 한 봉지 뜯어놓고\n며칠 지나면 눅눅해서 못 먹겠죠.\n이거 바삭하게 살릴 수 있어요.\n\n프라이팬으로 할 때는\n기름 없이 마른 팬을 약불로 달구고\n김을 한 장씩 앞뒤로 몇 초씩만.\n색이 살짝 초록빛으로 바뀌면 된 거예요.\n오래 두면 금방 타요.\n\n전자레인지로 할 때는\n접시에 김을 겹치지 않게 펴고\n20초 정도 돌리면 돼요.\n꺼내서 한 김 식히면 바삭해져요.\n\n남은 김은 지퍼백에 넣어서\n공기 빼고 냉동실에 두세요.\n꺼내서 바로 먹어도 눅눅하지 않아요.\n\n조미김도 같은 방법으로 돼요.\n대신 기름이 발라져 있어서 더 빨리 타니까\n시간을 반으로 줄이세요.\n\n#오늘의꿀팁 #살림꿀팁 #생활꿀팁 #주방꿀팁 #자취꿀팁 #살림팁 #꿀팁",,,
2026-10-03,15:00,threads,image,hand-leaf.jpg,"같은 자리에 놓이는 물건끼리는 같이 팔립니다.\n\n싱크대 앞이라는 자리가 있어요. 고무장갑, 주방세제, 핸드워시가 나란히 놓이는 그 자리요.\n하나만 팔면 하나로 끝나는데, 자리로 팔면 세 개가 같이 담깁니다.\n찐한국 핸드워시는 미세 거품이라 손톱 사이까지 들어가서 생선이나 마늘 만진 손의 냄새까지 걷어냅니다. 헹굼이 빨라 미끈거림이 안 남으니 요리 바로 전에도 쓰고요. 보습 성분 세 가지에 진정 성분까지 들어 있습니다.\n전부 위탁이고 최소 수량이랑 공급가는 프로필 링크로 문의 주세요.\n\n상품 단위로 팔지 말고 자리 단위로 파세요. 객단가가 달라집니다.",skip,꿀팁 계정 전환으로 취소,
2026-10-03,18:00,instagram,video,reel-1003.mp4,"음식 냄새랑 물비린내, 덮는 게 아니라 없앱니다.\n\n베이킹소다가 냄새를 분해해서 설거지 끝나고 손에 안 남습니다.\n\n한 번 써보면 바로 아는 부분이에요.\n\n써 보면 바로 아는 차이라 후기가 잘 붙습니다.\n\n위탁이라 재고 부담 없고 공급가도 저렴합니다.\n최소 수량이랑 공급가는 프로필 링크로 문의 주세요.\n\n#공동구매 #공구셀러 #위탁판매 #생활용품도매 #국내산 #스마트스토어 #폐쇄몰 #셀러모집 #찐한국",skip,꿀팁 계정 전환으로 취소,
2026-10-03,20:00,threads,image,glove-grip.jpg,"진입 장벽이 낮은 상품은 경쟁도 심합니다. 그래서 차이 한 줄이 필요해요.\n\n고무장갑은 어디서나 팝니다. 그런데 대부분 '고무장갑'이라고만 써 있어요.\n찐한국은 길이가 34cm입니다. 팔목까지 올라와서 설거지하다 물이 안으로 안 들어와요. 소매 젖을 일이 없습니다.\n손바닥엔 미끄럼 방지 패턴이 있어서 세제 묻은 접시도 안 미끄러지고, 두께는 얇게 뽑아 손 감각이 살아 있습니다.\n셀러 입장에선 남들과 다르게 쓸 문장이 있다는 게 전부예요.\n위탁이고 최소 수량이랑 공급가는 프로필 링크로 문의 주세요.\n\n같은 상품이라도 쓸 말이 있는 쪽이 팝니다.",skip,꿀팁 계정 전환으로 취소,
2026-10-03,20:00,threads,text,,"고기 해동, 실온에 꺼내두지 마세요.\n\n아침에 꺼내서 싱크대에 올려두고\n저녁에 요리하는 분들 많은데요.\n이게 제일 위험한 방법이에요.\n\n겉은 금방 녹아서 상온이 되는데\n속은 아직 꽁꽁 얼어 있어요.\n그 사이 겉에서 균이 몇 시간 동안 자라요.\n\n제일 좋은 건 냉장 해동.\n전날 밤에 냉동실에서 냉장실로 옮겨두면\n다음 날 저녁엔 딱 녹아 있어요.\n핏물 떨어지니까 접시 받쳐두고요.\n\n급할 땐 찬물 해동.\n지퍼백에 넣어서 공기 빼고\n찬물에 푹 담가두세요.\n30분마다 물 갈아주면 1시간 안에 녹아요.\n뜨거운 물은 겉만 익어서 안 돼요.\n\n한 번 녹인 고기는 다시 얼리지 않기.\n그래서 얼릴 때부터 한 번 먹을 만큼 나눠 얼리는 게 좋아요.",,,
2026-10-03,20:00,instagram,video,tip-16s.mp4,"고기 해동, 실온에 꺼내두지 마세요.\n\n아침에 꺼내서 싱크대에 올려두고\n저녁에 요리하는 분들 많은데요.\n이게 제일 위험한 방법이에요.\n\n겉은 금방 녹아서 상온이 되는데\n속은 아직 꽁꽁 얼어 있어요.\n그 사이 겉에서 균이 몇 시간 동안 자라요.\n\n제일 좋은 건 냉장 해동.\n전날 밤에 냉동실에서 냉장실로 옮겨두면\n다음 날 저녁엔 딱 녹아 있어요.\n핏물 떨어지니까 접시 받쳐두고요.\n\n급할 땐 찬물 해동.\n지퍼백에 넣어서 공기 빼고\n찬물에 푹 담가두세요.\n30분마다 물 갈아주면 1시간 안에 녹아요.\n뜨거운 물은 겉만 익어서 안 돼요.\n\n한 번 녹인 고기는 다시 얼리지 않기.\n그래서 얼릴 때부터 한 번 먹을 만큼 나눠 얼리는 게 좋아요.\n\n#오늘의꿀팁 #살림꿀팁 #생활꿀팁 #주방꿀팁 #자취꿀팁 #살림팁 #꿀팁",,,
2026-10-04,08:00,threads,text,,"텀블러 냄새, 세제로는 잘 안 빠져요.\n\n커피 담아 다니다 보면\n씻어도 뭔가 쿰쿰한 냄새가 남죠.\n안쪽을 아무리 닦아도 그대로고요.\n\n진짜 범인은 뚜껑 고무패킹이에요.\n뚜껑 안쪽 고무링을 빼보면\n그 틈에 커피 찌꺼기랑 물때가 까맣게 껴 있어요.\n이거 빼서 따로 닦아야 냄새가 빠져요.\n이쑤시개나 작은 솔로 홈까지 닦아주세요.\n\n본체 냄새는\n베이킹소다 한 숟갈 넣고\n따뜻한 물 가득 채워서 30분 두기.\n그다음 헹구면 커피 물때까지 같이 빠져요.\n\n다 씻었으면 뚜껑 닫지 말고\n열어둔 채로 완전히 말리기.\n물기 남은 채로 닫아두면 냄새가 다시 생겨요.\n\n고무패킹은 몇 주에 한 번이라도 꼭 빼서 씻기.",,,
2026-10-04,08:00,instagram,video,tip-17s.mp4,"텀블러 냄새, 세제로는 잘 안 빠져요.\n\n커피 담아 다니다 보면\n씻어도 뭔가 쿰쿰한 냄새가 남죠.\n안쪽을 아무리 닦아도 그대로고요.\n\n진짜 범인은 뚜껑 고무패킹이에요.\n뚜껑 안쪽 고무링을 빼보면\n그 틈에 커피 찌꺼기랑 물때가 까맣게 껴 있어요.\n이거 빼서 따로 닦아야 냄새가 빠져요.\n이쑤시개나 작은 솔로 홈까지 닦아주세요.\n\n본체 냄새는\n베이킹소다 한 숟갈 넣고\n따뜻한 물 가득 채워서 30분 두기.\n그다음 헹구면 커피 물때까지 같이 빠져요.\n\n다 씻었으면 뚜껑 닫지 말고\n열어둔 채로 완전히 말리기.\n물기 남은 채로 닫아두면 냄새가 다시 생겨요.\n\n고무패킹은 몇 주에 한 번이라도 꼭 빼서 씻기.\n\n#오늘의꿀팁 #살림꿀팁 #생활꿀팁 #주방꿀팁 #자취꿀팁 #살림팁 #꿀팁",,,
2026-10-04,12:30,threads,text,,"배고플 때 장 보러 가지 마세요.\n\n퇴근길에 배고픈 채로 마트 들르면\n계획에 없던 간식, 즉석식품, 빵이\n자꾸 카트에 들어가요.\n계산할 때 보면 원래 사려던 것보다 훨씬 많고요.\n\n① 밥 먹고 가기\n간단하게라도 뭘 먹고 가면\n충동구매가 확 줄어요.\n\n② 살 거 메모해서 가기\n휴대폰 메모장에 적어 가서\n그것만 담는다고 생각하기.\n\n③ 냉장고 사진 한 장 찍어 가기\n집에 뭐가 있는지 헷갈릴 때\n사진 한 번 보면 겹쳐 사는 게 없어요.\n계란 있는데 또 사고, 우유 있는데 또 사는 거요.\n\n④ 1+1은 한 번 더 생각하기\n다 먹을 수 있는 건지, 싸서 사는 건지.\n\n이것만 해도 장바구니가 가벼워지고\n냉장고에서 버리는 것도 줄어요.",,,
2026-10-04,12:30,instagram,video,tip-18s.mp4,"배고플 때 장 보러 가지 마세요.\n\n퇴근길에 배고픈 채로 마트 들르면\n계획에 없던 간식, 즉석식품, 빵이\n자꾸 카트에 들어가요.\n계산할 때 보면 원래 사려던 것보다 훨씬 많고요.\n\n① 밥 먹고 가기\n간단하게라도 뭘 먹고 가면\n충동구매가 확 줄어요.\n\n② 살 거 메모해서 가기\n휴대폰 메모장에 적어 가서\n그것만 담는다고 생각하기.\n\n③ 냉장고 사진 한 장 찍어 가기\n집에 뭐가 있는지 헷갈릴 때\n사진 한 번 보면 겹쳐 사는 게 없어요.\n계란 있는데 또 사고, 우유 있는데 또 사는 거요.\n\n④ 1+1은 한 번 더 생각하기\n다 먹을 수 있는 건지, 싸서 사는 건지.\n\n이것만 해도 장바구니가 가벼워지고\n냉장고에서 버리는 것도 줄어요.\n\n#오늘의꿀팁 #살림꿀팁 #생활꿀팁 #주방꿀팁 #자취꿀팁 #살림팁 #꿀팁",,,
2026-10-04,15:00,threads,image,soap-hand.jpg,"소비자가 다시 안 사는 이유는 대부분 '쓰고 나서 불편함'입니다.\n\n주방세제는 손이 트는 게 그겁니다. 매일 쓰는데 쓸 때마다 손이 상하면 결국 다른 걸 찾아요.\n찐한국 주방세제는 설거지하는 손을 위해 보습 성분을 넣었습니다. 장갑 없이 잠깐 씻을 때도 부담이 덜해요. 기름때는 베이킹소다가 풀어주고, 음식 냄새는 분해해서 없앱니다.\n셀러 입장에선 재구매가 끊기는 지점을 하나 막아둔 상품인 거죠.\n위탁이고 공급가도 저렴합니다. 최소 수량은 프로필 링크로 문의 주세요.\n\n잘 팔리게 만드는 것보다 안 끊기게 만드는 게 어렵습니다.",skip,꿀팁 계정 전환으로 취소,
2026-10-04,18:00,instagram,video,reel-1004.mp4,"찐한국 상품 함께 파실 분을 찾습니다.\n\n공구, 오픈마켓, 폐쇄몰 전부 됩니다.\n위탁이라 재고 부담 없고, 공급가도 저렴합니다.\n\n최소 수량이랑 공급가는 프로필 링크로 문의 주세요.\n\n최소 수량이랑 공급가는 프로필 링크로 문의 주세요.\n\n#공동구매 #공구셀러 #위탁판매 #생활용품도매 #국내산 #스마트스토어 #폐쇄몰 #셀러모집 #찐한국",skip,꿀팁 계정 전환으로 취소,
2026-10-04,20:00,threads,text,,"한 번 팔고 끝나는 상품만 모으면 매달 처음부터 다시 시작합니다.\n\n지난달에 판 사람이 이번 달에 또 사야 매출이 쌓이거든요.\n찐한국은 전부 소모품입니다. 고무장갑도 주방세제도 핸드워시도 쓰다 보면 없어지는 것들이에요. 다 쓰면 다시 사고, 그게 다음 공구가 됩니다.\n장갑은 34cm에 미끄럼 방지 패턴이라 한 번 껴 보면 바꾸기 싫어지고, 세제는 기름때가 쉽게 녹아서 재구매가 빠릅니다.\n전부 위탁이고 공급가도 저렴합니다. 최소 수량은 프로필 링크로 문의 주세요.\n\n신규를 계속 모으는 장사보다, 같은 사람이 다시 오는 장사가 편합니다.",skip,꿀팁 계정 전환으로 취소,
2026-10-04,20:00,threads,text,,"식빵은 냉장고 말고 냉동실이에요.\n\n빵 곰팡이 필까 봐 냉장고에 넣는 분 많은데요.\n냉장고 온도가 빵한테는 제일 안 좋아요.\n\n빵 속 전분이 냉장 온도에서\n가장 빨리 굳어요.\n그래서 냉장고에 둔 식빵은\n곰팡이는 안 펴도 금방 딱딱하고 퍽퍽해져요.\n\n이틀 안에 먹을 건 실온에.\n그 이상은 바로 냉동하세요.\n\n① 한 장씩 떼기 쉽게 사이에 종이호일 끼우기\n② 지퍼백에 넣고 공기 빼기\n③ 냉동실에 평평하게 눕혀 넣기\n\n먹을 땐 해동 없이 바로 토스터로.\n겉은 바삭, 속은 촉촉하게 돌아와요.\n프라이팬에 약불로 구워도 돼요.\n\n베이글, 모닝빵도 똑같이 하면 돼요.\n빵 사 오는 날 바로 소분하는 게 습관이 되면\n버리는 빵이 없어요.",,,
2026-10-04,20:00,instagram,video,tip-19s.mp4,"식빵은 냉장고 말고 냉동실이에요.\n\n빵 곰팡이 필까 봐 냉장고에 넣는 분 많은데요.\n냉장고 온도가 빵한테는 제일 안 좋아요.\n\n빵 속 전분이 냉장 온도에서\n가장 빨리 굳어요.\n그래서 냉장고에 둔 식빵은\n곰팡이는 안 펴도 금방 딱딱하고 퍽퍽해져요.\n\n이틀 안에 먹을 건 실온에.\n그 이상은 바로 냉동하세요.\n\n① 한 장씩 떼기 쉽게 사이에 종이호일 끼우기\n② 지퍼백에 넣고 공기 빼기\n③ 냉동실에 평평하게 눕혀 넣기\n\n먹을 땐 해동 없이 바로 토스터로.\n겉은 바삭, 속은 촉촉하게 돌아와요.\n프라이팬에 약불로 구워도 돼요.\n\n베이글, 모닝빵도 똑같이 하면 돼요.\n빵 사 오는 날 바로 소분하는 게 습관이 되면\n버리는 빵이 없어요.\n\n#오늘의꿀팁 #살림꿀팁 #생활꿀팁 #주방꿀팁 #자취꿀팁 #살림팁 #꿀팁",,,
2026-10-05,15:00,threads,image,glove-34.jpg,"설명이 길어지는 상품은 전환이 느립니다.\n\n좋은 물건인데도 '이게 뭔지'부터 설명해야 하면 그 사이에 사람이 떠나요. 공구는 특히 그렇습니다. 스크롤 몇 초 안에 결정되니까요.\n고무장갑은 설명이 필요 없습니다. 안 쓰는 집이 없고, 뭐에 쓰는지 다 압니다.\n그래서 셀러가 할 일이 '설득'이 아니라 '차이 한 줄'로 줄어듭니다. 길이 34cm라 소매가 안 젖는다, 손바닥에 미끄럼 방지 패턴이 있어 젖은 그릇이 안 미끄러진다. 이 정도면 끝이에요.\n위탁이라 사입도 창고도 필요 없고, 최소 수량이랑 공급가는 프로필 링크로 문의 주세요.\n\n설명 비용이 싼 상품이 공구에선 강합니다.",skip,꿀팁 계정 전환으로 취소,
2026-10-05,18:00,instagram,video,reel-1005.mp4,"한 번 팔고 끝나는 물건이 아닙니다.\n\n고무장갑도 세제도 핸드워시도 쓰다 보면 없어지는 것들이에요.\n다 쓰면 다시 사고, 그게 다음 공구가 됩니다.\n\n소비 속도가 빨라서 재주문 주기가 짧습니다.\n\n위탁이라 재고 부담 없고 공급가도 저렴합니다.\n최소 수량이랑 공급가는 프로필 링크로 문의 주세요.\n\n#공동구매 #공구셀러 #위탁판매 #생활용품도매 #국내산 #스마트스토어 #폐쇄몰 #셀러모집 #찐한국",skip,꿀팁 계정 전환으로 취소,
2026-10-05,20:00,threads,text,,"셀러가 망하는 이유는 안 팔려서가 아니라, 돈이 재고에 묶여서입니다.\n\n사입하면 팔리기 전에 현금이 먼저 나갑니다. 잘못 고르면 그 돈이 창고에 그대로 서 있어요.\n찐한국은 위탁입니다. 주문이 들어오면 본사에서 바로 나갑니다. 사입도 창고도 필요 없습니다.\n셀러 입장에선 시작할 때 드는 돈이 거의 없다는 뜻이에요. 반응이 안 오면 다음 품목으로 넘어가면 그만이고요.\n공급가도 저렴해서 마진 잡기가 편합니다. 최소 수량이랑 공급가는 프로필 링크로 문의 주세요.\n\n리스크가 낮으면 시도를 많이 할 수 있습니다. 시도가 많은 셀러가 결국 이겨요.",skip,꿀팁 계정 전환으로 취소,
2026-10-06,15:00,threads,text,,"공구 셀러가 놓치는 진짜 매출 포인트는 '재구매'입니다.\n\n한 번 팔고 끝나는 상품은 아무리 잘 팔려도 결국 지칩니다. 반대로 소비 주기가 딱 정해진 상품은 알아서 다시 찾게 됩니다.\n찐한국 숨결고체가글은 1일 2~5회, 1회 1정 사용이에요. 24정 한 박스면 소비자가 며칠 안에 다 씁니다.\n이게 왜 중요하냐면, 재구매 주기가 예측 가능하다는 뜻이거든요. 셀러 입장에선 다음 공구 시점을 미리 짤 수 있는 거죠.\n위탁이라 재고 부담 없이 시작할 수 있고, 최소 수량이랑 공급가는 프로필 링크로 문의 주시면 안내드립니다.\n\n단발 판매 말고 루틴으로 파는 셀러가 오래 갑니다.\n소비 주기가 곧 매출 주기예요.",skip,꿀팁 계정 전환으로 취소,
2026-10-06,18:00,instagram,video,reel-1006.mp4,찌든 기름때가 쉽게 녹습니다.\n\n베이킹소다가 기름을 풀어줘서 힘줘서 문지를 필요가 없어요.\n팬 하나가 금방 끝납니다.\n\n설명이 길게 필요 없어서 공구에서 전환이 빠릅니다.\n\n위탁이라 재고 부담 없고 공급가도 저렴합니다.\n최소 수량이랑 공급가는 프로필 링크로 문의 주세요.\n\n#공동구매 #공구셀러 #위탁판매 #생활용품도매 #국내산 #스마트스토어 #폐쇄몰 #셀러모집 #찐한국,skip,꿀팁 계정 전환으로 취소,
2026-10-06,20:00,threads,image,glove-color.jpg,"재구매를 만드는 건 가격이 아니라 '바꾸기 귀찮음'입니다.\n\n쓰던 게 괜찮으면 굳이 다른 걸 찾지 않아요. 그 자리를 먼저 차지하는 게 중요합니다.\n고무장갑이 딱 그렇습니다. 길이 34cm라 팔목까지 올라와서 소매가 안 젖고, 손바닥 미끄럼 방지 패턴 덕에 세제 묻은 접시도 안 미끄러집니다. 만들면서 세 번 씻어내서 특유의 냄새도 거의 안 나고요.\n한 번 이 조건에 익숙해지면 얇고 짧은 걸로 못 돌아갑니다.\n위탁이고 공급가도 저렴합니다. 최소 수량은 프로필 링크로 문의 주세요.\n\n첫 구매를 잡는 게 아니라 자리를 잡는 겁니다.",skip,꿀팁 계정 전환으로 취소,
2026-10-07,15:00,threads,text,,"단가가 낮은 품목 하나는 꼭 쥐고 계셔야 합니다.\n\n메인만 팔면 장바구니가 딱 거기서 멈춥니다. 부담 없이 하나 더 담기는 품목이 있어야 객단가가 올라가요.\n숨결고체가글이 그 자리입니다. 물 없이 한 알 씹고 헹구면 끝이라 살 이유가 분명하고, 24정이 손바닥만 한 케이스 하나라 가방에 툭 넣고 다닙니다. 무알코올이라 입안이 안 쏘고요.\n외근, 출장, 점심 뒤. 쓰는 자리가 명확해서 설명도 짧습니다.\n위탁이고 공급가도 저렴합니다. 최소 수량은 프로필 링크로 문의 주세요.\n\n메인 하나로는 객단가가 안 올라갑니다.",skip,꿀팁 계정 전환으로 취소,
2026-10-07,18:00,instagram,video,reel-1007.mp4,색이 두 가지입니다.\n\n그레이랑 퍼플. 주방 분위기에 맞춰 고르시면 됩니다.\n색이 두 개면 장바구니에 두 개가 담기고요.\n\n싱크대 앞에서 같이 쓰이는 것들이라 묶으면 장바구니가 커집니다.\n\n위탁이라 재고 부담 없고 공급가도 저렴합니다.\n최소 수량이랑 공급가는 프로필 링크로 문의 주세요.\n\n#공동구매 #공구셀러 #위탁판매 #생활용품도매 #국내산 #스마트스토어 #폐쇄몰 #셀러모집 #찐한국,skip,꿀팁 계정 전환으로 취소,
2026-10-07,20:00,threads,text,,"안 팔리면 어떡하지. 이 걱정 때문에 시작을 못 하는 분들이 많습니다.\n\n사입 구조면 그 걱정이 맞아요. 돈이 먼저 나가니까요.\n찐한국은 위탁이라 그 구조가 아닙니다. 주문이 들어오면 본사에서 바로 나갑니다. 안 팔린 물건을 떠안을 일도, 창고도 필요 없어요.\n반응이 없으면 다음 품목으로 넘어가면 됩니다. 손해 볼 게 없으니까요.\n공급가도 저렴하고, 공구 오픈마켓 폐쇄몰 어디든 됩니다. 최소 수량이랑 공급가는 프로필 링크로 문의 주세요.\n\n실패해도 잃는 게 없으면 그건 실패가 아니라 테스트입니다.",skip,꿀팁 계정 전환으로 취소,
2026-10-08,15:00,threads,text,,"잘 팔리는 상품은 말이 많지 않습니다.\n\n'이거 하나면 끝', '즉시 효과' 이런 카피, 요즘 소비자는 오히려 걸러요.\n찐한국 숨결고체가글은 물 없이 씹어서 쓰는 가글입니다. 한 알 씹고 헹구면 끝, 무알코올이라 입안이 안 쏩니다. 24정이 손바닥만 한 케이스 하나라 가방에 툭 넣고 다녀요.\n할 수 있는 말만 적어도 상세페이지가 채워집니다. 과장을 뺀 자리에 신뢰가 들어오거든요.\n공급가는 저렴한 편이고, 최소 수량은 프로필 링크로 문의 주시면 안내드립니다.\n\n포장을 화려하게 안 해도 팔리는 상품이 진짜 좋은 상품이에요.",skip,꿀팁 계정 전환으로 취소,
2026-10-08,18:00,instagram,video,reel-1008.mp4,"주방세제 500ml, 레몬향이 납니다.\n\n설거지 뒤가 상쾌하고, 세제 냄새가 손에 남지 않습니다.\n\n매일 쓰는 물건이라 이런 게 크게 느껴집니다.\n\n써 보면 바로 아는 차이라 후기가 잘 붙습니다.\n\n위탁이라 재고 부담 없고 공급가도 저렴합니다.\n최소 수량이랑 공급가는 프로필 링크로 문의 주세요.\n\n#공동구매 #공구셀러 #위탁판매 #생활용품도매 #국내산 #스마트스토어 #폐쇄몰 #셀러모집 #찐한국",skip,꿀팁 계정 전환으로 취소,
2026-10-08,20:00,threads,image,glove-veg.jpg,"사진 몇 장으로 끝나는 상품이 공구에선 유리합니다.\n\n상세페이지 길게 만들고 영상까지 찍어야 팔리는 물건은 손이 너무 많이 가요. 한 번 올리고 끝나는 게 아니라 매번 그래야 하니까요.\n고무장갑은 사진 몇 장이면 됩니다. 길이 34cm, 손바닥 미끄럼 방지 패턴, 그레이랑 퍼플 두 가지 색.\n그 위에 '소매 안 젖는다' 한 줄 얹으면 할 말이 끝납니다.\n셀러 입장에선 콘텐츠 만드는 시간이 짧다는 게 곧 회전율이에요.\n위탁이고 최소 수량이랑 공급가는 프로필 링크로 문의 주세요.\n\n손 덜 가는 상품을 여러 번 돌리는 게 낫습니다.",skip,꿀팁 계정 전환으로 취소,
2026-10-09,15:00,threads,image,soap-lemon.jpg,"계절 타는 상품은 일 년의 절반이 비어 있습니다.\n\n여름에만 팔리는 것, 겨울에만 팔리는 것. 잘 나갈 땐 좋은데 나머지 반년은 다른 걸 찾아 헤매게 되죠.\n주방세제는 계절이 없습니다. 1월에도 8월에도 설거지는 하니까요.\n찐한국 주방세제는 베이킹소다가 기름때를 풀어주고, 음식 냄새는 덮는 게 아니라 분해해서 없앱니다. 식품에 닿아도 되는 성분이라 과일 채소 세척까지 되고요. 레몬향 500ml.\n셀러 입장에선 일 년 내내 돌릴 수 있는 품목이 하나 생기는 겁니다.\n위탁이고 최소 수량이랑 공급가는 프로필 링크로 문의 주세요.\n\n연중 팔리는 상품 하나가 시즌 대박 하나보다 낫습니다.",skip,꿀팁 계정 전환으로 취소,
2026-10-09,18:00,instagram,video,reel-1009.mp4,"고무장갑 특유의 냄새, 거의 안 납니다.\n\n만들면서 세 번 씻어내거든요.\n처음 꺼낼 때 코를 찌르는 그 냄새가 없습니다.\n\n계절을 안 타서 일 년 내내 돌릴 수 있습니다.\n\n위탁이라 재고 부담 없고 공급가도 저렴합니다.\n최소 수량이랑 공급가는 프로필 링크로 문의 주세요.\n\n#공동구매 #공구셀러 #위탁판매 #생활용품도매 #국내산 #스마트스토어 #폐쇄몰 #셀러모집 #찐한국",skip,꿀팁 계정 전환으로 취소,
2026-10-09,20:00,threads,text,,"공구 셀러한테 제일 비싼 건 시간입니다.\n\n상품 찾고, 단가 협상하고, 재고 잡고. 팔기도 전에 며칠이 갑니다.\n찐한국은 그 앞단을 없앴습니다. 위탁이라 재고를 잡을 필요가 없고, 주문이 들어오면 본사에서 바로 나가요. 셀러는 파는 일만 하면 됩니다.\n품목도 고르기 쉽습니다. 고무장갑, 주방세제, 핸드워시, 치약, 고체가글. 전부 설명이 길게 필요 없고, 매달 다시 사는 것들이에요.\n공구, 오픈마켓, 폐쇄몰 어디든 됩니다. 최소 수량이랑 공급가는 프로필 링크로 문의 주세요.\n\n파는 데 쓸 시간을 파는 데 쓰게 하는 구조입니다.",skip,꿀팁 계정 전환으로 취소,
2026-10-10,15:00,threads,text,,"처음 시작하는 셀러가 제일 많이 묻는 게 '얼마부터 시작할 수 있냐'입니다.\n\n찐한국은 거의 안 듭니다. 위탁이라 미리 사서 쌓아둘 게 없거든요. 주문이 들어오면 본사에서 바로 나갑니다.\n공급가도 저렴한 편이라 마진 잡기가 편합니다. 파는 사람 손에 남는 게 있어야 계속하니까요.\n품목은 고무장갑, 주방세제, 핸드워시, 치약, 고체가글. 설명이 길게 필요 없고 매달 다시 사는 것들입니다.\n공구도 되고 오픈마켓도 되고 폐쇄몰도 됩니다. 최소 수량이랑 공급가는 프로필 링크로 문의 주세요.\n\n시작 비용이 낮으면 오래 버틸 수 있습니다. 오래 버틴 셀러가 결국 남아요.",skip,꿀팁 계정 전환으로 취소,
2026-10-10,18:00,instagram,video,reel-1010.mp4,"한국인 손에 맞춰 만든 고무장갑입니다.\n\n헐렁하지 않아서 오래 껴도 안 불편하고, 손가락 끝이 남지 않아서 작업이 빨라집니다.\n\n반복해서 쓰는 물건이라 이 차이가 큽니다.\n\n소비 속도가 빨라서 재주문 주기가 짧습니다.\n\n위탁이라 재고 부담 없고 공급가도 저렴합니다.\n최소 수량이랑 공급가는 프로필 링크로 문의 주세요.\n\n#공동구매 #공구셀러 #위탁판매 #생활용품도매 #국내산 #스마트스토어 #폐쇄몰 #셀러모집 #찐한국",skip,꿀팁 계정 전환으로 취소,
2026-10-10,20:00,threads,image,soap-sink.jpg,"매출은 사람 수가 아니라 장바구니 크기에서 갈립니다.\n\n같은 100명한테 팔아도 한 개씩 사가면 100개, 세 개씩 사가면 300개예요. 신규 모으는 것보다 이게 훨씬 쌉니다.\n찐한국은 고무장갑, 주방세제, 핸드워시가 전부 싱크대 앞에서 같이 쓰이는 것들입니다. 여기에 치약이랑 고체가글이 붙으면 욕실 칸까지 가고요.\n따로 파는 게 아니라 '주방 한 칸 정리'로 묶으면 자연스럽게 세 개가 담깁니다. 배송비도 한 번이고요.\n전부 위탁이고 공급가도 저렴합니다. 최소 수량은 프로필 링크로 문의 주세요.\n\n같은 사람한테 몇 개를 파느냐. 그게 공구 수익률입니다.",skip,꿀팁 계정 전환으로 취소,
2026-10-11,15:00,threads,image,hand-peony.jpg,"기능을 열 줄 적는 것보다 장면 하나가 셉니다.\n\n'보습 성분 함유'보다 '생선 만진 손 냄새가 안 남는다'가 훨씬 잘 팔려요. 겪어 본 사람이 많거든요.\n찐한국 핸드워시는 미세 거품이라 손톱 사이까지 들어갑니다. 생선 만진 손, 마늘 다진 손. 밴 냄새까지 씻어내고 기름기랑 미끌거림도 같이 걷어내요.\n헹굼이 빨라서 손에 미끈거림이 안 남으니 요리 바로 전에도 씁니다.\n셀러 입장에선 소구 한 줄이 명확한 상품이 카피 쓰기 편합니다.\n위탁이고 최소 수량이랑 공급가는 프로필 링크로 문의 주세요.\n\n기능을 나열하지 말고 장면 하나를 주세요.",skip,꿀팁 계정 전환으로 취소,
2026-10-11,18:00,instagram,video,reel-1011.mp4,"손 씻고 나서 안 당깁니다.\n\n보습 성분이 세 가지 들어가고, 주방일로 거칠어진 손을 위해 진정 성분도 같이 들어 있습니다.\n\n하루에 몇 번씩 씻는 자리니까요.\n\n설명이 길게 필요 없어서 공구에서 전환이 빠릅니다.\n\n위탁이라 재고 부담 없고 공급가도 저렴합니다.\n최소 수량이랑 공급가는 프로필 링크로 문의 주세요.\n\n#공동구매 #공구셀러 #위탁판매 #생활용품도매 #국내산 #스마트스토어 #폐쇄몰 #셀러모집 #찐한국",skip,꿀팁 계정 전환으로 취소,
2026-10-11,20:00,threads,image,soap-veg.jpg,"살 이유가 두 개인 상품은 거절당하기 어렵습니다.\n\n'설거지 세제 필요하세요?' 하면 있는 사람은 넘어갑니다. 그런데 쓰임이 하나 더 붙으면 얘기가 달라져요.\n찐한국 주방세제는 식품에 직접 닿아도 되는 성분이라, 과일이랑 채소 세척에 그대로 씁니다. 그릇만 닦는 세제가 아닌 거죠.\n셀러 입장에선 소구점이 두 개라는 게 큽니다. 하나가 안 먹히면 다른 하나로 붙잡을 수 있으니까요.\n기름때는 베이킹소다가 풀어주고, 설거지하는 손을 위해 보습 성분도 들어 있습니다. 레몬향 500ml.\n위탁이고 최소 수량이랑 공급가는 프로필 링크로 문의 주세요.\n\n쓰임이 많은 물건이 설득이 쉽습니다.",skip,꿀팁 계정 전환으로 취소,
2026-10-12,15:00,threads,text,,들고 다닐 수 있느냐가 소비량을 바꿉니다.\n\n집에만 두는 물건은 하루 한 번 쓰고 끝나요. 가방에 들어가는 물건은 하루에 몇 번씩 씁니다. 그만큼 빨리 없어지고요.\n숨결고체가글은 물 없이 씹는 가글입니다. 한 알 씹고 헹구면 끝이라 어디서든 됩니다. 24정이 손바닥만 한 케이스 하나라 가방에도 주머니에도 들어가요. 무알코올이라 입안이 안 쏩니다.\n액체 가글로는 안 되는 걸 하는 물건이라 살 이유가 분명합니다.\n위탁이고 공급가도 저렴합니다. 최소 수량은 프로필 링크로 문의 주세요.\n\n어디서 쓰이느냐가 얼마나 빨리 없어지느냐를 정합니다.,skip,꿀팁 계정 전환으로 취소,
2026-10-12,18:00,instagram,video,reel-1012.mp4,물 없이 씹어서 쓰는 가글입니다.\n\n한 알 씹고 헹구면 끝. 24정이 손바닥만 한 케이스 하나라 가방에 툭 넣고 다닙니다.\n\n무알코올이라 입안이 안 쏩니다.\n\n싱크대 앞에서 같이 쓰이는 것들이라 묶으면 장바구니가 커집니다.\n\n위탁이라 재고 부담 없고 공급가도 저렴합니다.\n최소 수량이랑 공급가는 프로필 링크로 문의 주세요.\n\n#공동구매 #공구셀러 #위탁판매 #생활용품도매 #국내산 #스마트스토어 #폐쇄몰 #셀러모집 #찐한국,skip,꿀팁 계정 전환으로 취소,
2026-10-12,20:00,threads,text,,"공구는 '뭘 파느냐'보다 '몇 번 여느냐'입니다.\n\n한 번 크게 여는 것보다 꾸준히 도는 게 결국 큽니다. 그러려면 계속 열 수 있는 품목이 있어야 해요.\n찐한국은 전부 매일 쓰고 매달 없어지는 것들입니다. 고무장갑, 주방세제, 핸드워시, 치약, 고체가글.\n이번 달에 장갑으로 열고, 다음 달에 세제로 열고, 그다음엔 묶음으로 여는 식이 됩니다. 같은 고객한테 계속 열 수 있는 거죠.\n전부 위탁이고 공급가도 저렴합니다. 최소 수량은 프로필 링크로 문의 주세요.\n\n대박 한 번보다 열두 번 여는 게 낫습니다.",skip,꿀팁 계정 전환으로 취소,
2026-10-13,15:00,threads,image,soap-two.jpg,"브랜드가 흩어지면 배송비가 두 번, 세 번 나갑니다.\n\n주방용품은 A에서, 욕실용품은 B에서. 소비자도 번거롭고 셀러도 정산이 복잡해져요.\n찐한국은 고무장갑, 주방세제, 핸드워시로 주방 한 칸이 채워지고 치약이랑 고체가글로 욕실 칸까지 갑니다. 한 브랜드로 카테고리가 묶이는 거죠.\n한 번에 담기고 한 번에 나갑니다. 셀러 입장에선 관리할 거래처가 하나예요.\n전부 위탁이고 공급가도 저렴합니다. 최소 수량은 프로필 링크로 문의 주세요.\n\n품목을 늘리는 것보다 거래처를 줄이는 게 이익일 때가 많습니다.",skip,꿀팁 계정 전환으로 취소,
2026-10-13,18:00,instagram,video,reel-1013.mp4,먹는 것도 씻을 수 있는 주방세제입니다.\n\n식품에 직접 닿아도 안전한 성분이라 과일이랑 채소 세척에도 씁니다.\n그릇만 닦는 세제가 아니니까 쓰임이 하나 더 붙는 셈이에요.\n\n써 보면 바로 아는 차이라 후기가 잘 붙습니다.\n\n위탁이라 재고 부담 없고 공급가도 저렴합니다.\n최소 수량이랑 공급가는 프로필 링크로 문의 주세요.\n\n#공동구매 #공구셀러 #위탁판매 #생활용품도매 #국내산 #스마트스토어 #폐쇄몰 #셀러모집 #찐한국,skip,꿀팁 계정 전환으로 취소,
2026-10-13,20:00,threads,image,hand-bottle.jpg,"소비 속도가 곧 재주문 주기입니다.\n\n느리게 닳는 물건은 한 번 팔면 반년을 기다려야 해요. 공구 셀러한테는 치명적입니다.\n핸드워시는 하루에 몇 번씩 쓰는 자리에 놓입니다. 요리 전에도, 화장실 다녀와서도, 장 보고 들어와서도요. 그래서 비는 속도가 빠릅니다.\n찐한국 핸드워시는 미세 거품이라 손톱 사이까지 들어가고, 헹굼이 빨라서 미끈거림이 안 남습니다. 보습 성분 세 가지에 진정 성분까지 들어가서 몇 번을 씻어도 손이 안 당겨요.\n위탁이고 공급가도 저렴합니다. 최소 수량은 프로필 링크로 문의 주세요.\n\n빨리 닳는 물건을 파세요. 그게 다음 달 매출입니다.",skip,꿀팁 계정 전환으로 취소,
2026-10-14,15:00,threads,image,soap-pan.jpg,"후기가 잘 붙는 상품과 안 붙는 상품이 있습니다.\n\n차이는 하나예요. 쓰자마자 체감이 오느냐.\n찐한국 주방세제는 베이킹소다가 기름을 풀어줍니다. 눌어붙은 팬을 힘줘서 문지를 필요가 없어요. 이건 첫 설거지에 바로 압니다.\n음식 냄새랑 물비린내도 덮는 게 아니라 분해해서 없앱니다. 설거지 끝나고 손에 안 남아요.\n셀러 입장에선 후기 확보가 쉽다는 게 큽니다. 후기가 쌓이면 다음 공구 설득이 저절로 돼요.\n위탁이라 재고 부담 없고, 최소 수량이랑 공급가는 프로필 링크로 문의 주세요.\n\n말로 설명하는 것보다 한 번 써 본 사람 한 줄이 셉니다.",skip,꿀팁 계정 전환으로 취소,
2026-10-14,18:00,instagram,video,reel-1014.mp4,거품이 빨리 씻깁니다.\n\n손에 미끈거림이 안 남아서 요리 바로 전에도 씁니다.\n헹구는 시간이 짧으면 물도 덜 쓰고요.\n\n매일 쓰고 다 쓰면 다시 사는 물건입니다. 한 번 팔고 끝나지 않아요.\n\n위탁이라 재고 부담 없고 공급가도 저렴합니다.\n최소 수량이랑 공급가는 프로필 링크로 문의 주세요.\n\n#공동구매 #공구셀러 #위탁판매 #생활용품도매 #국내산 #스마트스토어 #폐쇄몰 #셀러모집 #찐한국,skip,꿀팁 계정 전환으로 취소,
2026-10-14,20:00,threads,image,glove-hang.jpg,"반품과 클레임이 마진을 갉아먹습니다.\n\n한 건 터지면 그날 판 것 여러 개가 날아가요. 그래서 '실패 확률이 낮은 상품'을 고르는 게 중요합니다.\n고무장갑은 사이즈 실패가 제일 흔한데, 찐한국은 한국인 손에 맞춰 만들었습니다. 헐렁하지 않고 손가락 끝이 남지 않아요. 오래 껴도 안 불편합니다.\n두께는 얇게 뽑아서 손 감각이 살아 있고, 그러면서 잘 늘어나고 잘 안 찢어집니다. 몇 번 쓰고 터지는 일이 없어야 클레임이 안 들어오죠.\n위탁이라 재고 부담 없고, 최소 수량이랑 공급가는 프로필 링크로 문의 주세요.\n\n잘 팔리는 상품보다 탈 안 나는 상품이 오래 갑니다.",skip,꿀팁 계정 전환으로 취소,
2026-10-15,15:00,threads,text,,"공구 셀러한테 제일 비싼 건 시간입니다.\n\n상품 찾고, 단가 협상하고, 재고 잡고. 팔기도 전에 며칠이 갑니다.\n찐한국은 그 앞단을 없앴습니다. 위탁이라 재고를 잡을 필요가 없고, 주문이 들어오면 본사에서 바로 나가요. 셀러는 파는 일만 하면 됩니다.\n품목도 고르기 쉽습니다. 고무장갑, 주방세제, 핸드워시, 치약, 고체가글. 전부 설명이 길게 필요 없고, 매달 다시 사는 것들이에요.\n공구, 오픈마켓, 폐쇄몰 어디든 됩니다. 최소 수량이랑 공급가는 프로필 링크로 문의 주세요.\n\n파는 데 쓸 시간을 파는 데 쓰게 하는 구조입니다.",skip,꿀팁 계정 전환으로 취소,
2026-10-15,18:00,instagram,video,reel-1015.mp4,물 없이 씹어서 쓰는 가글입니다.\n\n한 알 씹고 헹구면 끝. 24정이 손바닥만 한 케이스 하나라 가방에 툭 넣고 다닙니다.\n\n무알코올이라 입안이 안 쏩니다.\n\n소비 속도가 빨라서 재주문 주기가 짧습니다.\n\n위탁이라 재고 부담 없고 공급가도 저렴합니다.\n최소 수량이랑 공급가는 프로필 링크로 문의 주세요.\n\n#공동구매 #공구셀러 #위탁판매 #생활용품도매 #국내산 #스마트스토어 #폐쇄몰 #셀러모집 #찐한국,skip,꿀팁 계정 전환으로 취소,
2026-10-15,20:00,threads,text,,들고 다닐 수 있느냐가 소비량을 바꿉니다.\n\n집에만 두는 물건은 하루 한 번 쓰고 끝나요. 가방에 들어가는 물건은 하루에 몇 번씩 씁니다. 그만큼 빨리 없어지고요.\n숨결고체가글은 물 없이 씹는 가글입니다. 한 알 씹고 헹구면 끝이라 어디서든 됩니다. 24정이 손바닥만 한 케이스 하나라 가방에도 주머니에도 들어가요. 무알코올이라 입안이 안 쏩니다.\n액체 가글로는 안 되는 걸 하는 물건이라 살 이유가 분명합니다.\n위탁이고 공급가도 저렴합니다. 최소 수량은 프로필 링크로 문의 주세요.\n\n어디서 쓰이느냐가 얼마나 빨리 없어지느냐를 정합니다.,skip,꿀팁 계정 전환으로 취소,
2026-10-16,15:00,threads,image,hand-peony.jpg,"기능을 열 줄 적는 것보다 장면 하나가 셉니다.\n\n'보습 성분 함유'보다 '생선 만진 손 냄새가 안 남는다'가 훨씬 잘 팔려요. 겪어 본 사람이 많거든요.\n찐한국 핸드워시는 미세 거품이라 손톱 사이까지 들어갑니다. 생선 만진 손, 마늘 다진 손. 밴 냄새까지 씻어내고 기름기랑 미끌거림도 같이 걷어내요.\n헹굼이 빨라서 손에 미끈거림이 안 남으니 요리 바로 전에도 씁니다.\n셀러 입장에선 소구 한 줄이 명확한 상품이 카피 쓰기 편합니다.\n위탁이고 최소 수량이랑 공급가는 프로필 링크로 문의 주세요.\n\n기능을 나열하지 말고 장면 하나를 주세요.",skip,꿀팁 계정 전환으로 취소,
2026-10-16,18:00,instagram,video,reel-1016.mp4,"고무장갑 길이가 34cm입니다.\n\n팔목까지 와서 물이 안으로 안 들어옵니다.\n설거지하다 소매 젖는 일, 이 길이면 없어요.\n\n설거지도 욕실 청소도 34cm면 넉넉합니다.\n\n설명이 길게 필요 없어서 공구에서 전환이 빠릅니다.\n\n위탁이라 재고 부담 없고 공급가도 저렴합니다.\n최소 수량이랑 공급가는 프로필 링크로 문의 주세요.\n\n#공동구매 #공구셀러 #위탁판매 #생활용품도매 #국내산 #스마트스토어 #폐쇄몰 #셀러모집 #찐한국",skip,꿀팁 계정 전환으로 취소,
2026-10-16,20:00,threads,text,,"한 번 팔고 끝나는 상품만 모으면 매달 처음부터 다시 시작합니다.\n\n지난달에 판 사람이 이번 달에 또 사야 매출이 쌓이거든요.\n찐한국은 전부 소모품입니다. 고무장갑도 주방세제도 핸드워시도 쓰다 보면 없어지는 것들이에요. 다 쓰면 다시 사고, 그게 다음 공구가 됩니다.\n장갑은 34cm에 미끄럼 방지 패턴이라 한 번 껴 보면 바꾸기 싫어지고, 세제는 기름때가 쉽게 녹아서 재구매가 빠릅니다.\n전부 위탁이고 공급가도 저렴합니다. 최소 수량은 프로필 링크로 문의 주세요.\n\n신규를 계속 모으는 장사보다, 같은 사람이 다시 오는 장사가 편합니다.",skip,꿀팁 계정 전환으로 취소,
2026-10-17,15:00,threads,text,,"셀러가 망하는 이유는 안 팔려서가 아니라, 돈이 재고에 묶여서입니다.\n\n사입하면 팔리기 전에 현금이 먼저 나갑니다. 잘못 고르면 그 돈이 창고에 그대로 서 있어요.\n찐한국은 위탁입니다. 주문이 들어오면 본사에서 바로 나갑니다. 사입도 창고도 필요 없습니다.\n셀러 입장에선 시작할 때 드는 돈이 거의 없다는 뜻이에요. 반응이 안 오면 다음 품목으로 넘어가면 그만이고요.\n공급가도 저렴해서 마진 잡기가 편합니다. 최소 수량이랑 공급가는 프로필 링크로 문의 주세요.\n\n리스크가 낮으면 시도를 많이 할 수 있습니다. 시도가 많은 셀러가 결국 이겨요.",skip,꿀팁 계정 전환으로 취소,
2026-10-17,18:00,instagram,video,reel-1017.mp4,"음식 냄새랑 물비린내, 덮는 게 아니라 없앱니다.\n\n베이킹소다가 냄새를 분해해서 설거지 끝나고 손에 안 남습니다.\n\n한 번 써보면 바로 아는 부분이에요.\n\n매일 쓰고 다 쓰면 다시 사는 물건입니다. 한 번 팔고 끝나지 않아요.\n\n위탁이라 재고 부담 없고 공급가도 저렴합니다.\n최소 수량이랑 공급가는 프로필 링크로 문의 주세요.\n\n#공동구매 #공구셀러 #위탁판매 #생활용품도매 #국내산 #스마트스토어 #폐쇄몰 #셀러모집 #찐한국",skip,꿀팁 계정 전환으로 취소,
2026-10-17,20:00,threads,text,,"공구는 '뭘 파느냐'보다 '몇 번 여느냐'입니다.\n\n한 번 크게 여는 것보다 꾸준히 도는 게 결국 큽니다. 그러려면 계속 열 수 있는 품목이 있어야 해요.\n찐한국은 전부 매일 쓰고 매달 없어지는 것들입니다. 고무장갑, 주방세제, 핸드워시, 치약, 고체가글.\n이번 달에 장갑으로 열고, 다음 달에 세제로 열고, 그다음엔 묶음으로 여는 식이 됩니다. 같은 고객한테 계속 열 수 있는 거죠.\n전부 위탁이고 공급가도 저렴합니다. 최소 수량은 프로필 링크로 문의 주세요.\n\n대박 한 번보다 열두 번 여는 게 낫습니다.",skip,꿀팁 계정 전환으로 취소,
2026-10-18,15:00,threads,text,,"잘 팔리는 상품은 말이 많지 않습니다.\n\n'이거 하나면 끝', '즉시 효과' 이런 카피, 요즘 소비자는 오히려 걸러요.\n찐한국 숨결고체가글은 물 없이 씹어서 쓰는 가글입니다. 한 알 씹고 헹구면 끝, 무알코올이라 입안이 안 쏩니다. 24정이 손바닥만 한 케이스 하나라 가방에 툭 넣고 다녀요.\n할 수 있는 말만 적어도 상세페이지가 채워집니다. 과장을 뺀 자리에 신뢰가 들어오거든요.\n공급가는 저렴한 편이고, 최소 수량은 프로필 링크로 문의 주시면 안내드립니다.\n\n포장을 화려하게 안 해도 팔리는 상품이 진짜 좋은 상품이에요.",skip,꿀팁 계정 전환으로 취소,
2026-10-18,18:00,instagram,video,reel-1018.mp4,"미세 거품이라 손톱 사이까지 들어갑니다.\n\n생선 만진 손, 마늘 다진 손. 손에 밴 냄새까지 씻어냅니다.\n요리 후 기름기랑 미끌거림도 같이 걷어냅니다.\n\n써 보면 바로 아는 차이라 후기가 잘 붙습니다.\n\n위탁이라 재고 부담 없고 공급가도 저렴합니다.\n최소 수량이랑 공급가는 프로필 링크로 문의 주세요.\n\n#공동구매 #공구셀러 #위탁판매 #생활용품도매 #국내산 #스마트스토어 #폐쇄몰 #셀러모집 #찐한국",skip,꿀팁 계정 전환으로 취소,
2026-10-18,20:00,threads,image,glove-grip.jpg,"진입 장벽이 낮은 상품은 경쟁도 심합니다. 그래서 차이 한 줄이 필요해요.\n\n고무장갑은 어디서나 팝니다. 그런데 대부분 '고무장갑'이라고만 써 있어요.\n찐한국은 길이가 34cm입니다. 팔목까지 올라와서 설거지하다 물이 안으로 안 들어와요. 소매 젖을 일이 없습니다.\n손바닥엔 미끄럼 방지 패턴이 있어서 세제 묻은 접시도 안 미끄러지고, 두께는 얇게 뽑아 손 감각이 살아 있습니다.\n셀러 입장에선 남들과 다르게 쓸 문장이 있다는 게 전부예요.\n위탁이고 최소 수량이랑 공급가는 프로필 링크로 문의 주세요.\n\n같은 상품이라도 쓸 말이 있는 쪽이 팝니다.",skip,꿀팁 계정 전환으로 취소,
2026-10-19,15:00,threads,image,soap-lemon.jpg,"계절 타는 상품은 일 년의 절반이 비어 있습니다.\n\n여름에만 팔리는 것, 겨울에만 팔리는 것. 잘 나갈 땐 좋은데 나머지 반년은 다른 걸 찾아 헤매게 되죠.\n주방세제는 계절이 없습니다. 1월에도 8월에도 설거지는 하니까요.\n찐한국 주방세제는 베이킹소다가 기름때를 풀어주고, 음식 냄새는 덮는 게 아니라 분해해서 없앱니다. 식품에 닿아도 되는 성분이라 과일 채소 세척까지 되고요. 레몬향 500ml.\n셀러 입장에선 일 년 내내 돌릴 수 있는 품목이 하나 생기는 겁니다.\n위탁이고 최소 수량이랑 공급가는 프로필 링크로 문의 주세요.\n\n연중 팔리는 상품 하나가 시즌 대박 하나보다 낫습니다.",skip,꿀팁 계정 전환으로 취소,
2026-10-19,18:00,instagram,video,reel-1019.mp4,거품이 빨리 씻깁니다.\n\n손에 미끈거림이 안 남아서 요리 바로 전에도 씁니다.\n헹구는 시간이 짧으면 물도 덜 쓰고요.\n\n싱크대 앞에서 같이 쓰이는 것들이라 묶으면 장바구니가 커집니다.\n\n위탁이라 재고 부담 없고 공급가도 저렴합니다.\n최소 수량이랑 공급가는 프로필 링크로 문의 주세요.\n\n#공동구매 #공구셀러 #위탁판매 #생활용품도매 #국내산 #스마트스토어 #폐쇄몰 #셀러모집 #찐한국,skip,꿀팁 계정 전환으로 취소,
2026-10-19,20:00,threads,image,glove-hang.jpg,"반품과 클레임이 마진을 갉아먹습니다.\n\n한 건 터지면 그날 판 것 여러 개가 날아가요. 그래서 '실패 확률이 낮은 상품'을 고르는 게 중요합니다.\n고무장갑은 사이즈 실패가 제일 흔한데, 찐한국은 한국인 손에 맞춰 만들었습니다. 헐렁하지 않고 손가락 끝이 남지 않아요. 오래 껴도 안 불편합니다.\n두께는 얇게 뽑아서 손 감각이 살아 있고, 그러면서 잘 늘어나고 잘 안 찢어집니다. 몇 번 쓰고 터지는 일이 없어야 클레임이 안 들어오죠.\n위탁이라 재고 부담 없고, 최소 수량이랑 공급가는 프로필 링크로 문의 주세요.\n\n잘 팔리는 상품보다 탈 안 나는 상품이 오래 갑니다.",skip,꿀팁 계정 전환으로 취소,
2026-10-20,15:00,threads,text,,"처음 시작하는 셀러가 제일 많이 묻는 게 '얼마부터 시작할 수 있냐'입니다.\n\n찐한국은 거의 안 듭니다. 위탁이라 미리 사서 쌓아둘 게 없거든요. 주문이 들어오면 본사에서 바로 나갑니다.\n공급가도 저렴한 편이라 마진 잡기가 편합니다. 파는 사람 손에 남는 게 있어야 계속하니까요.\n품목은 고무장갑, 주방세제, 핸드워시, 치약, 고체가글. 설명이 길게 필요 없고 매달 다시 사는 것들입니다.\n공구도 되고 오픈마켓도 되고 폐쇄몰도 됩니다. 최소 수량이랑 공급가는 프로필 링크로 문의 주세요.\n\n시작 비용이 낮으면 오래 버틸 수 있습니다. 오래 버틴 셀러가 결국 남아요.",skip,꿀팁 계정 전환으로 취소,
2026-10-20,18:00,instagram,video,reel-1020.mp4,찌든 기름때가 쉽게 녹습니다.\n\n베이킹소다가 기름을 풀어줘서 힘줘서 문지를 필요가 없어요.\n팬 하나가 금방 끝납니다.\n\n설명이 길게 필요 없어서 공구에서 전환이 빠릅니다.\n\n위탁이라 재고 부담 없고 공급가도 저렴합니다.\n최소 수량이랑 공급가는 프로필 링크로 문의 주세요.\n\n#공동구매 #공구셀러 #위탁판매 #생활용품도매 #국내산 #스마트스토어 #폐쇄몰 #셀러모집 #찐한국,skip,꿀팁 계정 전환으로 취소,
2026-10-20,20:00,threads,image,soap-hand.jpg,"소비자가 다시 안 사는 이유는 대부분 '쓰고 나서 불편함'입니다.\n\n주방세제는 손이 트는 게 그겁니다. 매일 쓰는데 쓸 때마다 손이 상하면 결국 다른 걸 찾아요.\n찐한국 주방세제는 설거지하는 손을 위해 보습 성분을 넣었습니다. 장갑 없이 잠깐 씻을 때도 부담이 덜해요. 기름때는 베이킹소다가 풀어주고, 음식 냄새는 분해해서 없앱니다.\n셀러 입장에선 재구매가 끊기는 지점을 하나 막아둔 상품인 거죠.\n위탁이고 공급가도 저렴합니다. 최소 수량은 프로필 링크로 문의 주세요.\n\n잘 팔리게 만드는 것보다 안 끊기게 만드는 게 어렵습니다.",skip,꿀팁 계정 전환으로 취소,
2026-10-21,15:00,threads,image,soap-two.jpg,"브랜드가 흩어지면 배송비가 두 번, 세 번 나갑니다.\n\n주방용품은 A에서, 욕실용품은 B에서. 소비자도 번거롭고 셀러도 정산이 복잡해져요.\n찐한국은 고무장갑, 주방세제, 핸드워시로 주방 한 칸이 채워지고 치약이랑 고체가글로 욕실 칸까지 갑니다. 한 브랜드로 카테고리가 묶이는 거죠.\n한 번에 담기고 한 번에 나갑니다. 셀러 입장에선 관리할 거래처가 하나예요.\n전부 위탁이고 공급가도 저렴합니다. 최소 수량은 프로필 링크로 문의 주세요.\n\n품목을 늘리는 것보다 거래처를 줄이는 게 이익일 때가 많습니다.",skip,꿀팁 계정 전환으로 취소,
2026-10-21,18:00,instagram,video,reel-1021.mp4,색이 두 가지입니다.\n\n그레이랑 퍼플. 주방 분위기에 맞춰 고르시면 됩니다.\n색이 두 개면 장바구니에 두 개가 담기고요.\n\n계절을 안 타서 일 년 내내 돌릴 수 있습니다.\n\n위탁이라 재고 부담 없고 공급가도 저렴합니다.\n최소 수량이랑 공급가는 프로필 링크로 문의 주세요.\n\n#공동구매 #공구셀러 #위탁판매 #생활용품도매 #국내산 #스마트스토어 #폐쇄몰 #셀러모집 #찐한국,skip,꿀팁 계정 전환으로 취소,
2026-10-21,20:00,threads,text,,"공구 셀러가 놓치는 진짜 매출 포인트는 '재구매'입니다.\n\n한 번 팔고 끝나는 상품은 아무리 잘 팔려도 결국 지칩니다. 반대로 소비 주기가 딱 정해진 상품은 알아서 다시 찾게 됩니다.\n찐한국 숨결고체가글은 1일 2~5회, 1회 1정 사용이에요. 24정 한 박스면 소비자가 며칠 안에 다 씁니다.\n이게 왜 중요하냐면, 재구매 주기가 예측 가능하다는 뜻이거든요. 셀러 입장에선 다음 공구 시점을 미리 짤 수 있는 거죠.\n위탁이라 재고 부담 없이 시작할 수 있고, 최소 수량이랑 공급가는 프로필 링크로 문의 주시면 안내드립니다.\n\n단발 판매 말고 루틴으로 파는 셀러가 오래 갑니다.\n소비 주기가 곧 매출 주기예요.",skip,꿀팁 계정 전환으로 취소,
2026-10-22,15:00,threads,image,soap-sink.jpg,"매출은 사람 수가 아니라 장바구니 크기에서 갈립니다.\n\n같은 100명한테 팔아도 한 개씩 사가면 100개, 세 개씩 사가면 300개예요. 신규 모으는 것보다 이게 훨씬 쌉니다.\n찐한국은 고무장갑, 주방세제, 핸드워시가 전부 싱크대 앞에서 같이 쓰이는 것들입니다. 여기에 치약이랑 고체가글이 붙으면 욕실 칸까지 가고요.\n따로 파는 게 아니라 '주방 한 칸 정리'로 묶으면 자연스럽게 세 개가 담깁니다. 배송비도 한 번이고요.\n전부 위탁이고 공급가도 저렴합니다. 최소 수량은 프로필 링크로 문의 주세요.\n\n같은 사람한테 몇 개를 파느냐. 그게 공구 수익률입니다.",skip,꿀팁 계정 전환으로 취소,
2026-10-22,18:00,instagram,video,reel-1022.mp4,공급가가 저렴합니다.\n\n마진을 남기기 편한 구조예요.\n게다가 위탁이라 재고에 돈이 묶이지 않습니다.\n\n시작할 때 드는 돈이 거의 없습니다.\n\n최소 수량이랑 공급가는 프로필 링크로 문의 주세요.\n\n#공동구매 #공구셀러 #위탁판매 #생활용품도매 #국내산 #스마트스토어 #폐쇄몰 #셀러모집 #찐한국,skip,꿀팁 계정 전환으로 취소,
2026-10-22,20:00,threads,image,soap-veg.jpg,"살 이유가 두 개인 상품은 거절당하기 어렵습니다.\n\n'설거지 세제 필요하세요?' 하면 있는 사람은 넘어갑니다. 그런데 쓰임이 하나 더 붙으면 얘기가 달라져요.\n찐한국 주방세제는 식품에 직접 닿아도 되는 성분이라, 과일이랑 채소 세척에 그대로 씁니다. 그릇만 닦는 세제가 아닌 거죠.\n셀러 입장에선 소구점이 두 개라는 게 큽니다. 하나가 안 먹히면 다른 하나로 붙잡을 수 있으니까요.\n기름때는 베이킹소다가 풀어주고, 설거지하는 손을 위해 보습 성분도 들어 있습니다. 레몬향 500ml.\n위탁이고 최소 수량이랑 공급가는 프로필 링크로 문의 주세요.\n\n쓰임이 많은 물건이 설득이 쉽습니다.",skip,꿀팁 계정 전환으로 취소,
2026-10-23,15:00,threads,image,soap-pan.jpg,"후기가 잘 붙는 상품과 안 붙는 상품이 있습니다.\n\n차이는 하나예요. 쓰자마자 체감이 오느냐.\n찐한국 주방세제는 베이킹소다가 기름을 풀어줍니다. 눌어붙은 팬을 힘줘서 문지를 필요가 없어요. 이건 첫 설거지에 바로 압니다.\n음식 냄새랑 물비린내도 덮는 게 아니라 분해해서 없앱니다. 설거지 끝나고 손에 안 남아요.\n셀러 입장에선 후기 확보가 쉽다는 게 큽니다. 후기가 쌓이면 다음 공구 설득이 저절로 돼요.\n위탁이라 재고 부담 없고, 최소 수량이랑 공급가는 프로필 링크로 문의 주세요.\n\n말로 설명하는 것보다 한 번 써 본 사람 한 줄이 셉니다.",skip,꿀팁 계정 전환으로 취소,
2026-10-23,18:00,instagram,video,reel-1023.mp4,"사입 안 하셔도 됩니다.\n\n찐한국은 위탁이라, 주문이 들어오면 본사에서 보냅니다.\n안 팔린 물건을 떠안을 일도, 창고도 필요 없습니다.\n\n공급가도 저렴합니다.\n\n최소 수량이랑 공급가는 프로필 링크로 문의 주세요.\n\n#공동구매 #공구셀러 #위탁판매 #생활용품도매 #국내산 #스마트스토어 #폐쇄몰 #셀러모집 #찐한국",skip,꿀팁 계정 전환으로 취소,
2026-10-23,20:00,threads,image,hand-bottle.jpg,"소비 속도가 곧 재주문 주기입니다.\n\n느리게 닳는 물건은 한 번 팔면 반년을 기다려야 해요. 공구 셀러한테는 치명적입니다.\n핸드워시는 하루에 몇 번씩 쓰는 자리에 놓입니다. 요리 전에도, 화장실 다녀와서도, 장 보고 들어와서도요. 그래서 비는 속도가 빠릅니다.\n찐한국 핸드워시는 미세 거품이라 손톱 사이까지 들어가고, 헹굼이 빨라서 미끈거림이 안 남습니다. 보습 성분 세 가지에 진정 성분까지 들어가서 몇 번을 씻어도 손이 안 당겨요.\n위탁이고 공급가도 저렴합니다. 최소 수량은 프로필 링크로 문의 주세요.\n\n빨리 닳는 물건을 파세요. 그게 다음 달 매출입니다.",skip,꿀팁 계정 전환으로 취소,
2026-10-24,15:00,threads,image,glove-34.jpg,"설명이 길어지는 상품은 전환이 느립니다.\n\n좋은 물건인데도 '이게 뭔지'부터 설명해야 하면 그 사이에 사람이 떠나요. 공구는 특히 그렇습니다. 스크롤 몇 초 안에 결정되니까요.\n고무장갑은 설명이 필요 없습니다. 안 쓰는 집이 없고, 뭐에 쓰는지 다 압니다.\n그래서 셀러가 할 일이 '설득'이 아니라 '차이 한 줄'로 줄어듭니다. 길이 34cm라 소매가 안 젖는다, 손바닥에 미끄럼 방지 패턴이 있어 젖은 그릇이 안 미끄러진다. 이 정도면 끝이에요.\n위탁이라 사입도 창고도 필요 없고, 최소 수량이랑 공급가는 프로필 링크로 문의 주세요.\n\n설명 비용이 싼 상품이 공구에선 강합니다.",skip,꿀팁 계정 전환으로 취소,
2026-10-24,18:00,instagram,video,reel-1024.mp4,"찐한국 상품 함께 파실 분을 찾습니다.\n\n공구, 오픈마켓, 폐쇄몰 전부 됩니다.\n위탁이라 재고 부담 없고, 공급가도 저렴합니다.\n\n최소 수량이랑 공급가는 프로필 링크로 문의 주세요.\n\n최소 수량이랑 공급가는 프로필 링크로 문의 주세요.\n\n#공동구매 #공구셀러 #위탁판매 #생활용품도매 #국내산 #스마트스토어 #폐쇄몰 #셀러모집 #찐한국",skip,꿀팁 계정 전환으로 취소,
2026-10-24,20:00,threads,text,,"안 팔리면 어떡하지. 이 걱정 때문에 시작을 못 하는 분들이 많습니다.\n\n사입 구조면 그 걱정이 맞아요. 돈이 먼저 나가니까요.\n찐한국은 위탁이라 그 구조가 아닙니다. 주문이 들어오면 본사에서 바로 나갑니다. 안 팔린 물건을 떠안을 일도, 창고도 필요 없어요.\n반응이 없으면 다음 품목으로 넘어가면 됩니다. 손해 볼 게 없으니까요.\n공급가도 저렴하고, 공구 오픈마켓 폐쇄몰 어디든 됩니다. 최소 수량이랑 공급가는 프로필 링크로 문의 주세요.\n\n실패해도 잃는 게 없으면 그건 실패가 아니라 테스트입니다.",skip,꿀팁 계정 전환으로 취소,
2026-10-25,15:00,threads,image,hand-leaf.jpg,"같은 자리에 놓이는 물건끼리는 같이 팔립니다.\n\n싱크대 앞이라는 자리가 있어요. 고무장갑, 주방세제, 핸드워시가 나란히 놓이는 그 자리요.\n하나만 팔면 하나로 끝나는데, 자리로 팔면 세 개가 같이 담깁니다.\n찐한국 핸드워시는 미세 거품이라 손톱 사이까지 들어가서 생선이나 마늘 만진 손의 냄새까지 걷어냅니다. 헹굼이 빨라 미끈거림이 안 남으니 요리 바로 전에도 쓰고요. 보습 성분 세 가지에 진정 성분까지 들어 있습니다.\n전부 위탁이고 최소 수량이랑 공급가는 프로필 링크로 문의 주세요.\n\n상품 단위로 팔지 말고 자리 단위로 파세요. 객단가가 달라집니다.",skip,꿀팁 계정 전환으로 취소,
2026-10-25,18:00,instagram,video,reel-1025.mp4,"두께가 얇아서 손 감각이 살아 있습니다.\n\n작은 그릇도 섬세하게 잡히고, 컵 안쪽까지 손이 들어갑니다.\n그러면서도 잘 늘어나고 잘 안 찢어져서 매일 써도 버팁니다.\n\n소비 속도가 빨라서 재주문 주기가 짧습니다.\n\n위탁이라 재고 부담 없고 공급가도 저렴합니다.\n최소 수량이랑 공급가는 프로필 링크로 문의 주세요.\n\n#공동구매 #공구셀러 #위탁판매 #생활용품도매 #국내산 #스마트스토어 #폐쇄몰 #셀러모집 #찐한국",skip,꿀팁 계정 전환으로 취소,
2026-10-25,20:00,threads,text,,"단가가 낮은 품목 하나는 꼭 쥐고 계셔야 합니다.\n\n메인만 팔면 장바구니가 딱 거기서 멈춥니다. 부담 없이 하나 더 담기는 품목이 있어야 객단가가 올라가요.\n숨결고체가글이 그 자리입니다. 물 없이 한 알 씹고 헹구면 끝이라 살 이유가 분명하고, 24정이 손바닥만 한 케이스 하나라 가방에 툭 넣고 다닙니다. 무알코올이라 입안이 안 쏘고요.\n외근, 출장, 점심 뒤. 쓰는 자리가 명확해서 설명도 짧습니다.\n위탁이고 공급가도 저렴합니다. 최소 수량은 프로필 링크로 문의 주세요.\n\n메인 하나로는 객단가가 안 올라갑니다.",skip,꿀팁 계정 전환으로 취소,
2026-10-26,15:00,threads,image,glove-color.jpg,"재구매를 만드는 건 가격이 아니라 '바꾸기 귀찮음'입니다.\n\n쓰던 게 괜찮으면 굳이 다른 걸 찾지 않아요. 그 자리를 먼저 차지하는 게 중요합니다.\n고무장갑이 딱 그렇습니다. 길이 34cm라 팔목까지 올라와서 소매가 안 젖고, 손바닥 미끄럼 방지 패턴 덕에 세제 묻은 접시도 안 미끄러집니다. 만들면서 세 번 씻어내서 특유의 냄새도 거의 안 나고요.\n한 번 이 조건에 익숙해지면 얇고 짧은 걸로 못 돌아갑니다.\n위탁이고 공급가도 저렴합니다. 최소 수량은 프로필 링크로 문의 주세요.\n\n첫 구매를 잡는 게 아니라 자리를 잡는 겁니다.",skip,꿀팁 계정 전환으로 취소,
2026-10-26,18:00,instagram,video,reel-1026.mp4,먹는 것도 씻을 수 있는 주방세제입니다.\n\n식품에 직접 닿아도 안전한 성분이라 과일이랑 채소 세척에도 씁니다.\n그릇만 닦는 세제가 아니니까 쓰임이 하나 더 붙는 셈이에요.\n\n싱크대 앞에서 같이 쓰이는 것들이라 묶으면 장바구니가 커집니다.\n\n위탁이라 재고 부담 없고 공급가도 저렴합니다.\n최소 수량이랑 공급가는 프로필 링크로 문의 주세요.\n\n#공동구매 #공구셀러 #위탁판매 #생활용품도매 #국내산 #스마트스토어 #폐쇄몰 #셀러모집 #찐한국,skip,꿀팁 계정 전환으로 취소,
2026-10-26,20:00,threads,text,,"공구 셀러한테 제일 비싼 건 시간입니다.\n\n상품 찾고, 단가 협상하고, 재고 잡고. 팔기도 전에 며칠이 갑니다.\n찐한국은 그 앞단을 없앴습니다. 위탁이라 재고를 잡을 필요가 없고, 주문이 들어오면 본사에서 바로 나가요. 셀러는 파는 일만 하면 됩니다.\n품목도 고르기 쉽습니다. 고무장갑, 주방세제, 핸드워시, 치약, 고체가글. 전부 설명이 길게 필요 없고, 매달 다시 사는 것들이에요.\n공구, 오픈마켓, 폐쇄몰 어디든 됩니다. 최소 수량이랑 공급가는 프로필 링크로 문의 주세요.\n\n파는 데 쓸 시간을 파는 데 쓰게 하는 구조입니다.",skip,꿀팁 계정 전환으로 취소,
2026-10-27,15:00,threads,text,,"공구 셀러한테 제일 비싼 건 시간입니다.\n\n상품 찾고, 단가 협상하고, 재고 잡고. 팔기도 전에 며칠이 갑니다.\n찐한국은 그 앞단을 없앴습니다. 위탁이라 재고를 잡을 필요가 없고, 주문이 들어오면 본사에서 바로 나가요. 셀러는 파는 일만 하면 됩니다.\n품목도 고르기 쉽습니다. 고무장갑, 주방세제, 핸드워시, 치약, 고체가글. 전부 설명이 길게 필요 없고, 매달 다시 사는 것들이에요.\n공구, 오픈마켓, 폐쇄몰 어디든 됩니다. 최소 수량이랑 공급가는 프로필 링크로 문의 주세요.\n\n파는 데 쓸 시간을 파는 데 쓰게 하는 구조입니다.",skip,꿀팁 계정 전환으로 취소,
2026-10-27,18:00,instagram,video,reel-1027.mp4,"고무장갑 특유의 냄새, 거의 안 납니다.\n\n만들면서 세 번 씻어내거든요.\n처음 꺼낼 때 코를 찌르는 그 냄새가 없습니다.\n\n써 보면 바로 아는 차이라 후기가 잘 붙습니다.\n\n위탁이라 재고 부담 없고 공급가도 저렴합니다.\n최소 수량이랑 공급가는 프로필 링크로 문의 주세요.\n\n#공동구매 #공구셀러 #위탁판매 #생활용품도매 #국내산 #스마트스토어 #폐쇄몰 #셀러모집 #찐한국",skip,꿀팁 계정 전환으로 취소,
2026-10-27,20:00,threads,text,,들고 다닐 수 있느냐가 소비량을 바꿉니다.\n\n집에만 두는 물건은 하루 한 번 쓰고 끝나요. 가방에 들어가는 물건은 하루에 몇 번씩 씁니다. 그만큼 빨리 없어지고요.\n숨결고체가글은 물 없이 씹는 가글입니다. 한 알 씹고 헹구면 끝이라 어디서든 됩니다. 24정이 손바닥만 한 케이스 하나라 가방에도 주머니에도 들어가요. 무알코올이라 입안이 안 쏩니다.\n액체 가글로는 안 되는 걸 하는 물건이라 살 이유가 분명합니다.\n위탁이고 공급가도 저렴합니다. 최소 수량은 프로필 링크로 문의 주세요.\n\n어디서 쓰이느냐가 얼마나 빨리 없어지느냐를 정합니다.,skip,꿀팁 계정 전환으로 취소,
2026-10-28,15:00,threads,image,hand-peony.jpg,"기능을 열 줄 적는 것보다 장면 하나가 셉니다.\n\n'보습 성분 함유'보다 '생선 만진 손 냄새가 안 남는다'가 훨씬 잘 팔려요. 겪어 본 사람이 많거든요.\n찐한국 핸드워시는 미세 거품이라 손톱 사이까지 들어갑니다. 생선 만진 손, 마늘 다진 손. 밴 냄새까지 씻어내고 기름기랑 미끌거림도 같이 걷어내요.\n헹굼이 빨라서 손에 미끈거림이 안 남으니 요리 바로 전에도 씁니다.\n셀러 입장에선 소구 한 줄이 명확한 상품이 카피 쓰기 편합니다.\n위탁이고 최소 수량이랑 공급가는 프로필 링크로 문의 주세요.\n\n기능을 나열하지 말고 장면 하나를 주세요.",skip,꿀팁 계정 전환으로 취소,
2026-10-28,18:00,instagram,video,reel-1028.mp4,"한국인 손에 맞춰 만든 고무장갑입니다.\n\n헐렁하지 않아서 오래 껴도 안 불편하고, 손가락 끝이 남지 않아서 작업이 빨라집니다.\n\n반복해서 쓰는 물건이라 이 차이가 큽니다.\n\n계절을 안 타서 일 년 내내 돌릴 수 있습니다.\n\n위탁이라 재고 부담 없고 공급가도 저렴합니다.\n최소 수량이랑 공급가는 프로필 링크로 문의 주세요.\n\n#공동구매 #공구셀러 #위탁판매 #생활용품도매 #국내산 #스마트스토어 #폐쇄몰 #셀러모집 #찐한국",skip,꿀팁 계정 전환으로 취소,
2026-10-28,20:00,threads,text,,"한 번 팔고 끝나는 상품만 모으면 매달 처음부터 다시 시작합니다.\n\n지난달에 판 사람이 이번 달에 또 사야 매출이 쌓이거든요.\n찐한국은 전부 소모품입니다. 고무장갑도 주방세제도 핸드워시도 쓰다 보면 없어지는 것들이에요. 다 쓰면 다시 사고, 그게 다음 공구가 됩니다.\n장갑은 34cm에 미끄럼 방지 패턴이라 한 번 껴 보면 바꾸기 싫어지고, 세제는 기름때가 쉽게 녹아서 재구매가 빠릅니다.\n전부 위탁이고 공급가도 저렴합니다. 최소 수량은 프로필 링크로 문의 주세요.\n\n신규를 계속 모으는 장사보다, 같은 사람이 다시 오는 장사가 편합니다.",skip,꿀팁 계정 전환으로 취소,
2026-10-29,15:00,threads,text,,"셀러가 망하는 이유는 안 팔려서가 아니라, 돈이 재고에 묶여서입니다.\n\n사입하면 팔리기 전에 현금이 먼저 나갑니다. 잘못 고르면 그 돈이 창고에 그대로 서 있어요.\n찐한국은 위탁입니다. 주문이 들어오면 본사에서 바로 나갑니다. 사입도 창고도 필요 없습니다.\n셀러 입장에선 시작할 때 드는 돈이 거의 없다는 뜻이에요. 반응이 안 오면 다음 품목으로 넘어가면 그만이고요.\n공급가도 저렴해서 마진 잡기가 편합니다. 최소 수량이랑 공급가는 프로필 링크로 문의 주세요.\n\n리스크가 낮으면 시도를 많이 할 수 있습니다. 시도가 많은 셀러가 결국 이겨요.",skip,꿀팁 계정 전환으로 취소,
2026-10-29,18:00,instagram,video,reel-1029.mp4,"손 씻고 나서 안 당깁니다.\n\n보습 성분이 세 가지 들어가고, 주방일로 거칠어진 손을 위해 진정 성분도 같이 들어 있습니다.\n\n하루에 몇 번씩 씻는 자리니까요.\n\n소비 속도가 빨라서 재주문 주기가 짧습니다.\n\n위탁이라 재고 부담 없고 공급가도 저렴합니다.\n최소 수량이랑 공급가는 프로필 링크로 문의 주세요.\n\n#공동구매 #공구셀러 #위탁판매 #생활용품도매 #국내산 #스마트스토어 #폐쇄몰 #셀러모집 #찐한국",skip,꿀팁 계정 전환으로 취소,
2026-10-29,20:00,threads,text,,"공구는 '뭘 파느냐'보다 '몇 번 여느냐'입니다.\n\n한 번 크게 여는 것보다 꾸준히 도는 게 결국 큽니다. 그러려면 계속 열 수 있는 품목이 있어야 해요.\n찐한국은 전부 매일 쓰고 매달 없어지는 것들입니다. 고무장갑, 주방세제, 핸드워시, 치약, 고체가글.\n이번 달에 장갑으로 열고, 다음 달에 세제로 열고, 그다음엔 묶음으로 여는 식이 됩니다. 같은 고객한테 계속 열 수 있는 거죠.\n전부 위탁이고 공급가도 저렴합니다. 최소 수량은 프로필 링크로 문의 주세요.\n\n대박 한 번보다 열두 번 여는 게 낫습니다.",skip,꿀팁 계정 전환으로 취소,
2026-10-30,15:00,threads,text,,"잘 팔리는 상품은 말이 많지 않습니다.\n\n'이거 하나면 끝', '즉시 효과' 이런 카피, 요즘 소비자는 오히려 걸러요.\n찐한국 숨결고체가글은 물 없이 씹어서 쓰는 가글입니다. 한 알 씹고 헹구면 끝, 무알코올이라 입안이 안 쏩니다. 24정이 손바닥만 한 케이스 하나라 가방에 툭 넣고 다녀요.\n할 수 있는 말만 적어도 상세페이지가 채워집니다. 과장을 뺀 자리에 신뢰가 들어오거든요.\n공급가는 저렴한 편이고, 최소 수량은 프로필 링크로 문의 주시면 안내드립니다.\n\n포장을 화려하게 안 해도 팔리는 상품이 진짜 좋은 상품이에요.",skip,꿀팁 계정 전환으로 취소,
2026-10-30,18:00,instagram,video,reel-1030.mp4,"주방에서 같이 쓰이는 것들입니다.\n\n고무장갑, 주방세제, 핸드워시.\n여기에 치약이랑 고체가글까지 붙으면 욕실 칸도 채워집니다.\n\n한 브랜드로 카테고리가 묶이고, 가격도 저렴합니다.\n\n매일 쓰고 다 쓰면 다시 사는 물건입니다. 한 번 팔고 끝나지 않아요.\n\n위탁이라 재고 부담 없고 공급가도 저렴합니다.\n최소 수량이랑 공급가는 프로필 링크로 문의 주세요.\n\n#공동구매 #공구셀러 #위탁판매 #생활용품도매 #국내산 #스마트스토어 #폐쇄몰 #셀러모집 #찐한국",skip,꿀팁 계정 전환으로 취소,
2026-10-30,20:00,threads,image,glove-grip.jpg,"진입 장벽이 낮은 상품은 경쟁도 심합니다. 그래서 차이 한 줄이 필요해요.\n\n고무장갑은 어디서나 팝니다. 그런데 대부분 '고무장갑'이라고만 써 있어요.\n찐한국은 길이가 34cm입니다. 팔목까지 올라와서 설거지하다 물이 안으로 안 들어와요. 소매 젖을 일이 없습니다.\n손바닥엔 미끄럼 방지 패턴이 있어서 세제 묻은 접시도 안 미끄러지고, 두께는 얇게 뽑아 손 감각이 살아 있습니다.\n셀러 입장에선 남들과 다르게 쓸 문장이 있다는 게 전부예요.\n위탁이고 최소 수량이랑 공급가는 프로필 링크로 문의 주세요.\n\n같은 상품이라도 쓸 말이 있는 쪽이 팝니다.",skip,꿀팁 계정 전환으로 취소,
2026-10-31,15:00,threads,image,soap-lemon.jpg,"계절 타는 상품은 일 년의 절반이 비어 있습니다.\n\n여름에만 팔리는 것, 겨울에만 팔리는 것. 잘 나갈 땐 좋은데 나머지 반년은 다른 걸 찾아 헤매게 되죠.\n주방세제는 계절이 없습니다. 1월에도 8월에도 설거지는 하니까요.\n찐한국 주방세제는 베이킹소다가 기름때를 풀어주고, 음식 냄새는 덮는 게 아니라 분해해서 없앱니다. 식품에 닿아도 되는 성분이라 과일 채소 세척까지 되고요. 레몬향 500ml.\n셀러 입장에선 일 년 내내 돌릴 수 있는 품목이 하나 생기는 겁니다.\n위탁이고 최소 수량이랑 공급가는 프로필 링크로 문의 주세요.\n\n연중 팔리는 상품 하나가 시즌 대박 하나보다 낫습니다.",skip,꿀팁 계정 전환으로 취소,
2026-10-31,18:00,instagram,video,reel-1031.mp4,"한 번 팔고 끝나는 물건이 아닙니다.\n\n고무장갑도 세제도 핸드워시도 쓰다 보면 없어지는 것들이에요.\n다 쓰면 다시 사고, 그게 다음 공구가 됩니다.\n\n싱크대 앞에서 같이 쓰이는 것들이라 묶으면 장바구니가 커집니다.\n\n위탁이라 재고 부담 없고 공급가도 저렴합니다.\n최소 수량이랑 공급가는 프로필 링크로 문의 주세요.\n\n#공동구매 #공구셀러 #위탁판매 #생활용품도매 #국내산 #스마트스토어 #폐쇄몰 #셀러모집 #찐한국",skip,꿀팁 계정 전환으로 취소,
2026-10-31,20:00,threads,image,glove-hang.jpg,"반품과 클레임이 마진을 갉아먹습니다.\n\n한 건 터지면 그날 판 것 여러 개가 날아가요. 그래서 '실패 확률이 낮은 상품'을 고르는 게 중요합니다.\n고무장갑은 사이즈 실패가 제일 흔한데, 찐한국은 한국인 손에 맞춰 만들었습니다. 헐렁하지 않고 손가락 끝이 남지 않아요. 오래 껴도 안 불편합니다.\n두께는 얇게 뽑아서 손 감각이 살아 있고, 그러면서 잘 늘어나고 잘 안 찢어집니다. 몇 번 쓰고 터지는 일이 없어야 클레임이 안 들어오죠.\n위탁이라 재고 부담 없고, 최소 수량이랑 공급가는 프로필 링크로 문의 주세요.\n\n잘 팔리는 상품보다 탈 안 나는 상품이 오래 갑니다.",skip,꿀팁 계정 전환으로 취소,
2026-11-01,15:00,threads,text,,"처음 시작하는 셀러가 제일 많이 묻는 게 '얼마부터 시작할 수 있냐'입니다.\n\n찐한국은 거의 안 듭니다. 위탁이라 미리 사서 쌓아둘 게 없거든요. 주문이 들어오면 본사에서 바로 나갑니다.\n공급가도 저렴한 편이라 마진 잡기가 편합니다. 파는 사람 손에 남는 게 있어야 계속하니까요.\n품목은 고무장갑, 주방세제, 핸드워시, 치약, 고체가글. 설명이 길게 필요 없고 매달 다시 사는 것들입니다.\n공구도 되고 오픈마켓도 되고 폐쇄몰도 됩니다. 최소 수량이랑 공급가는 프로필 링크로 문의 주세요.\n\n시작 비용이 낮으면 오래 버틸 수 있습니다. 오래 버틴 셀러가 결국 남아요.",skip,꿀팁 계정 전환으로 취소,
2026-11-01,18:00,instagram,video,reel-1101.mp4,"설거지하는 손을 위해 보습 성분이 들어 있습니다.\n\n세제만 쓰면 손이 트는데, 그 부분을 잡았어요.\n장갑 없이 잠깐 씻을 때도 부담이 덜합니다.\n\n설명이 길게 필요 없어서 공구에서 전환이 빠릅니다.\n\n위탁이라 재고 부담 없고 공급가도 저렴합니다.\n최소 수량이랑 공급가는 프로필 링크로 문의 주세요.\n\n#공동구매 #공구셀러 #위탁판매 #생활용품도매 #국내산 #스마트스토어 #폐쇄몰 #셀러모집 #찐한국",skip,꿀팁 계정 전환으로 취소,
2026-11-01,20:00,threads,image,soap-hand.jpg,"소비자가 다시 안 사는 이유는 대부분 '쓰고 나서 불편함'입니다.\n\n주방세제는 손이 트는 게 그겁니다. 매일 쓰는데 쓸 때마다 손이 상하면 결국 다른 걸 찾아요.\n찐한국 주방세제는 설거지하는 손을 위해 보습 성분을 넣었습니다. 장갑 없이 잠깐 씻을 때도 부담이 덜해요. 기름때는 베이킹소다가 풀어주고, 음식 냄새는 분해해서 없앱니다.\n셀러 입장에선 재구매가 끊기는 지점을 하나 막아둔 상품인 거죠.\n위탁이고 공급가도 저렴합니다. 최소 수량은 프로필 링크로 문의 주세요.\n\n잘 팔리게 만드는 것보다 안 끊기게 만드는 게 어렵습니다.",skip,꿀팁 계정 전환으로 취소,
2026-11-02,15:00,threads,image,soap-two.jpg,"브랜드가 흩어지면 배송비가 두 번, 세 번 나갑니다.\n\n주방용품은 A에서, 욕실용품은 B에서. 소비자도 번거롭고 셀러도 정산이 복잡해져요.\n찐한국은 고무장갑, 주방세제, 핸드워시로 주방 한 칸이 채워지고 치약이랑 고체가글로 욕실 칸까지 갑니다. 한 브랜드로 카테고리가 묶이는 거죠.\n한 번에 담기고 한 번에 나갑니다. 셀러 입장에선 관리할 거래처가 하나예요.\n전부 위탁이고 공급가도 저렴합니다. 최소 수량은 프로필 링크로 문의 주세요.\n\n품목을 늘리는 것보다 거래처를 줄이는 게 이익일 때가 많습니다.",skip,꿀팁 계정 전환으로 취소,
2026-11-02,18:00,instagram,video,reel-1102.mp4,"주방세제 500ml, 레몬향이 납니다.\n\n설거지 뒤가 상쾌하고, 세제 냄새가 손에 남지 않습니다.\n\n매일 쓰는 물건이라 이런 게 크게 느껴집니다.\n\n계절을 안 타서 일 년 내내 돌릴 수 있습니다.\n\n위탁이라 재고 부담 없고 공급가도 저렴합니다.\n최소 수량이랑 공급가는 프로필 링크로 문의 주세요.\n\n#공동구매 #공구셀러 #위탁판매 #생활용품도매 #국내산 #스마트스토어 #폐쇄몰 #셀러모집 #찐한국",skip,꿀팁 계정 전환으로 취소,
2026-11-02,20:00,threads,text,,"공구 셀러가 놓치는 진짜 매출 포인트는 '재구매'입니다.\n\n한 번 팔고 끝나는 상품은 아무리 잘 팔려도 결국 지칩니다. 반대로 소비 주기가 딱 정해진 상품은 알아서 다시 찾게 됩니다.\n찐한국 숨결고체가글은 1일 2~5회, 1회 1정 사용이에요. 24정 한 박스면 소비자가 며칠 안에 다 씁니다.\n이게 왜 중요하냐면, 재구매 주기가 예측 가능하다는 뜻이거든요. 셀러 입장에선 다음 공구 시점을 미리 짤 수 있는 거죠.\n위탁이라 재고 부담 없이 시작할 수 있고, 최소 수량이랑 공급가는 프로필 링크로 문의 주시면 안내드립니다.\n\n단발 판매 말고 루틴으로 파는 셀러가 오래 갑니다.\n소비 주기가 곧 매출 주기예요.",skip,꿀팁 계정 전환으로 취소,
2026-11-03,15:00,threads,image,soap-sink.jpg,"매출은 사람 수가 아니라 장바구니 크기에서 갈립니다.\n\n같은 100명한테 팔아도 한 개씩 사가면 100개, 세 개씩 사가면 300개예요. 신규 모으는 것보다 이게 훨씬 쌉니다.\n찐한국은 고무장갑, 주방세제, 핸드워시가 전부 싱크대 앞에서 같이 쓰이는 것들입니다. 여기에 치약이랑 고체가글이 붙으면 욕실 칸까지 가고요.\n따로 파는 게 아니라 '주방 한 칸 정리'로 묶으면 자연스럽게 세 개가 담깁니다. 배송비도 한 번이고요.\n전부 위탁이고 공급가도 저렴합니다. 최소 수량은 프로필 링크로 문의 주세요.\n\n같은 사람한테 몇 개를 파느냐. 그게 공구 수익률입니다.",skip,꿀팁 계정 전환으로 취소,
2026-11-03,18:00,instagram,video,reel-1103.mp4,"손바닥에 미끄럼 방지 패턴이 있습니다.\n\n세제 묻은 접시도 안 미끄러지고, 젖은 그릇이나 칼을 잡을 때 손에서 안 빠집니다.\n\n놓쳐서 깨지는 일이 줄어듭니다.\n\n소비 속도가 빨라서 재주문 주기가 짧습니다.\n\n위탁이라 재고 부담 없고 공급가도 저렴합니다.\n최소 수량이랑 공급가는 프로필 링크로 문의 주세요.\n\n#공동구매 #공구셀러 #위탁판매 #생활용품도매 #국내산 #스마트스토어 #폐쇄몰 #셀러모집 #찐한국",skip,꿀팁 계정 전환으로 취소,
2026-11-03,20:00,threads,image,soap-veg.jpg,"살 이유가 두 개인 상품은 거절당하기 어렵습니다.\n\n'설거지 세제 필요하세요?' 하면 있는 사람은 넘어갑니다. 그런데 쓰임이 하나 더 붙으면 얘기가 달라져요.\n찐한국 주방세제는 식품에 직접 닿아도 되는 성분이라, 과일이랑 채소 세척에 그대로 씁니다. 그릇만 닦는 세제가 아닌 거죠.\n셀러 입장에선 소구점이 두 개라는 게 큽니다. 하나가 안 먹히면 다른 하나로 붙잡을 수 있으니까요.\n기름때는 베이킹소다가 풀어주고, 설거지하는 손을 위해 보습 성분도 들어 있습니다. 레몬향 500ml.\n위탁이고 최소 수량이랑 공급가는 프로필 링크로 문의 주세요.\n\n쓰임이 많은 물건이 설득이 쉽습니다.",skip,꿀팁 계정 전환으로 취소,
2026-11-04,15:00,threads,image,soap-pan.jpg,"후기가 잘 붙는 상품과 안 붙는 상품이 있습니다.\n\n차이는 하나예요. 쓰자마자 체감이 오느냐.\n찐한국 주방세제는 베이킹소다가 기름을 풀어줍니다. 눌어붙은 팬을 힘줘서 문지를 필요가 없어요. 이건 첫 설거지에 바로 압니다.\n음식 냄새랑 물비린내도 덮는 게 아니라 분해해서 없앱니다. 설거지 끝나고 손에 안 남아요.\n셀러 입장에선 후기 확보가 쉽다는 게 큽니다. 후기가 쌓이면 다음 공구 설득이 저절로 돼요.\n위탁이라 재고 부담 없고, 최소 수량이랑 공급가는 프로필 링크로 문의 주세요.\n\n말로 설명하는 것보다 한 번 써 본 사람 한 줄이 셉니다.",skip,꿀팁 계정 전환으로 취소,
2026-11-04,18:00,instagram,video,reel-1104.mp4,물 없이 씹어서 쓰는 가글입니다.\n\n한 알 씹고 헹구면 끝. 24정이 손바닥만 한 케이스 하나라 가방에 툭 넣고 다닙니다.\n\n무알코올이라 입안이 안 쏩니다.\n\n싱크대 앞에서 같이 쓰이는 것들이라 묶으면 장바구니가 커집니다.\n\n위탁이라 재고 부담 없고 공급가도 저렴합니다.\n최소 수량이랑 공급가는 프로필 링크로 문의 주세요.\n\n#공동구매 #공구셀러 #위탁판매 #생활용품도매 #국내산 #스마트스토어 #폐쇄몰 #셀러모집 #찐한국,skip,꿀팁 계정 전환으로 취소,
2026-11-04,20:00,threads,image,hand-bottle.jpg,"소비 속도가 곧 재주문 주기입니다.\n\n느리게 닳는 물건은 한 번 팔면 반년을 기다려야 해요. 공구 셀러한테는 치명적입니다.\n핸드워시는 하루에 몇 번씩 쓰는 자리에 놓입니다. 요리 전에도, 화장실 다녀와서도, 장 보고 들어와서도요. 그래서 비는 속도가 빠릅니다.\n찐한국 핸드워시는 미세 거품이라 손톱 사이까지 들어가고, 헹굼이 빨라서 미끈거림이 안 남습니다. 보습 성분 세 가지에 진정 성분까지 들어가서 몇 번을 씻어도 손이 안 당겨요.\n위탁이고 공급가도 저렴합니다. 최소 수량은 프로필 링크로 문의 주세요.\n\n빨리 닳는 물건을 파세요. 그게 다음 달 매출입니다.",skip,꿀팁 계정 전환으로 취소,
2026-11-05,15:00,threads,image,glove-34.jpg,"설명이 길어지는 상품은 전환이 느립니다.\n\n좋은 물건인데도 '이게 뭔지'부터 설명해야 하면 그 사이에 사람이 떠나요. 공구는 특히 그렇습니다. 스크롤 몇 초 안에 결정되니까요.\n고무장갑은 설명이 필요 없습니다. 안 쓰는 집이 없고, 뭐에 쓰는지 다 압니다.\n그래서 셀러가 할 일이 '설득'이 아니라 '차이 한 줄'로 줄어듭니다. 길이 34cm라 소매가 안 젖는다, 손바닥에 미끄럼 방지 패턴이 있어 젖은 그릇이 안 미끄러진다. 이 정도면 끝이에요.\n위탁이라 사입도 창고도 필요 없고, 최소 수량이랑 공급가는 프로필 링크로 문의 주세요.\n\n설명 비용이 싼 상품이 공구에선 강합니다.",skip,꿀팁 계정 전환으로 취소,
2026-11-05,18:00,instagram,video,reel-1105.mp4,"고무장갑 길이가 34cm입니다.\n\n팔목까지 와서 물이 안으로 안 들어옵니다.\n설거지하다 소매 젖는 일, 이 길이면 없어요.\n\n설거지도 욕실 청소도 34cm면 넉넉합니다.\n\n매일 쓰고 다 쓰면 다시 사는 물건입니다. 한 번 팔고 끝나지 않아요.\n\n위탁이라 재고 부담 없고 공급가도 저렴합니다.\n최소 수량이랑 공급가는 프로필 링크로 문의 주세요.\n\n#공동구매 #공구셀러 #위탁판매 #생활용품도매 #국내산 #스마트스토어 #폐쇄몰 #셀러모집 #찐한국",skip,꿀팁 계정 전환으로 취소,
2026-11-05,20:00,threads,text,,"안 팔리면 어떡하지. 이 걱정 때문에 시작을 못 하는 분들이 많습니다.\n\n사입 구조면 그 걱정이 맞아요. 돈이 먼저 나가니까요.\n찐한국은 위탁이라 그 구조가 아닙니다. 주문이 들어오면 본사에서 바로 나갑니다. 안 팔린 물건을 떠안을 일도, 창고도 필요 없어요.\n반응이 없으면 다음 품목으로 넘어가면 됩니다. 손해 볼 게 없으니까요.\n공급가도 저렴하고, 공구 오픈마켓 폐쇄몰 어디든 됩니다. 최소 수량이랑 공급가는 프로필 링크로 문의 주세요.\n\n실패해도 잃는 게 없으면 그건 실패가 아니라 테스트입니다.",skip,꿀팁 계정 전환으로 취소,
2026-11-06,15:00,threads,image,hand-leaf.jpg,"같은 자리에 놓이는 물건끼리는 같이 팔립니다.\n\n싱크대 앞이라는 자리가 있어요. 고무장갑, 주방세제, 핸드워시가 나란히 놓이는 그 자리요.\n하나만 팔면 하나로 끝나는데, 자리로 팔면 세 개가 같이 담깁니다.\n찐한국 핸드워시는 미세 거품이라 손톱 사이까지 들어가서 생선이나 마늘 만진 손의 냄새까지 걷어냅니다. 헹굼이 빨라 미끈거림이 안 남으니 요리 바로 전에도 쓰고요. 보습 성분 세 가지에 진정 성분까지 들어 있습니다.\n전부 위탁이고 최소 수량이랑 공급가는 프로필 링크로 문의 주세요.\n\n상품 단위로 팔지 말고 자리 단위로 파세요. 객단가가 달라집니다.",skip,꿀팁 계정 전환으로 취소,
2026-11-06,18:00,instagram,video,reel-1106.mp4,"음식 냄새랑 물비린내, 덮는 게 아니라 없앱니다.\n\n베이킹소다가 냄새를 분해해서 설거지 끝나고 손에 안 남습니다.\n\n한 번 써보면 바로 아는 부분이에요.\n\n써 보면 바로 아는 차이라 후기가 잘 붙습니다.\n\n위탁이라 재고 부담 없고 공급가도 저렴합니다.\n최소 수량이랑 공급가는 프로필 링크로 문의 주세요.\n\n#공동구매 #공구셀러 #위탁판매 #생활용품도매 #국내산 #스마트스토어 #폐쇄몰 #셀러모집 #찐한국",skip,꿀팁 계정 전환으로 취소,
2026-11-06,20:00,threads,text,,"단가가 낮은 품목 하나는 꼭 쥐고 계셔야 합니다.\n\n메인만 팔면 장바구니가 딱 거기서 멈춥니다. 부담 없이 하나 더 담기는 품목이 있어야 객단가가 올라가요.\n숨결고체가글이 그 자리입니다. 물 없이 한 알 씹고 헹구면 끝이라 살 이유가 분명하고, 24정이 손바닥만 한 케이스 하나라 가방에 툭 넣고 다닙니다. 무알코올이라 입안이 안 쏘고요.\n외근, 출장, 점심 뒤. 쓰는 자리가 명확해서 설명도 짧습니다.\n위탁이고 공급가도 저렴합니다. 최소 수량은 프로필 링크로 문의 주세요.\n\n메인 하나로는 객단가가 안 올라갑니다.",skip,꿀팁 계정 전환으로 취소,
2026-11-07,15:00,threads,image,glove-color.jpg,"재구매를 만드는 건 가격이 아니라 '바꾸기 귀찮음'입니다.\n\n쓰던 게 괜찮으면 굳이 다른 걸 찾지 않아요. 그 자리를 먼저 차지하는 게 중요합니다.\n고무장갑이 딱 그렇습니다. 길이 34cm라 팔목까지 올라와서 소매가 안 젖고, 손바닥 미끄럼 방지 패턴 덕에 세제 묻은 접시도 안 미끄러집니다. 만들면서 세 번 씻어내서 특유의 냄새도 거의 안 나고요.\n한 번 이 조건에 익숙해지면 얇고 짧은 걸로 못 돌아갑니다.\n위탁이고 공급가도 저렴합니다. 최소 수량은 프로필 링크로 문의 주세요.\n\n첫 구매를 잡는 게 아니라 자리를 잡는 겁니다.",skip,꿀팁 계정 전환으로 취소,
2026-11-07,18:00,instagram,video,reel-1107.mp4,"미세 거품이라 손톱 사이까지 들어갑니다.\n\n생선 만진 손, 마늘 다진 손. 손에 밴 냄새까지 씻어냅니다.\n요리 후 기름기랑 미끌거림도 같이 걷어냅니다.\n\n설명이 길게 필요 없어서 공구에서 전환이 빠릅니다.\n\n위탁이라 재고 부담 없고 공급가도 저렴합니다.\n최소 수량이랑 공급가는 프로필 링크로 문의 주세요.\n\n#공동구매 #공구셀러 #위탁판매 #생활용품도매 #국내산 #스마트스토어 #폐쇄몰 #셀러모집 #찐한국",skip,꿀팁 계정 전환으로 취소,
2026-11-07,20:00,threads,text,,"공구 셀러한테 제일 비싼 건 시간입니다.\n\n상품 찾고, 단가 협상하고, 재고 잡고. 팔기도 전에 며칠이 갑니다.\n찐한국은 그 앞단을 없앴습니다. 위탁이라 재고를 잡을 필요가 없고, 주문이 들어오면 본사에서 바로 나가요. 셀러는 파는 일만 하면 됩니다.\n품목도 고르기 쉽습니다. 고무장갑, 주방세제, 핸드워시, 치약, 고체가글. 전부 설명이 길게 필요 없고, 매달 다시 사는 것들이에요.\n공구, 오픈마켓, 폐쇄몰 어디든 됩니다. 최소 수량이랑 공급가는 프로필 링크로 문의 주세요.\n\n파는 데 쓸 시간을 파는 데 쓰게 하는 구조입니다.",skip,꿀팁 계정 전환으로 취소,
2026-11-08,15:00,threads,text,,"공구 셀러한테 제일 비싼 건 시간입니다.\n\n상품 찾고, 단가 협상하고, 재고 잡고. 팔기도 전에 며칠이 갑니다.\n찐한국은 그 앞단을 없앴습니다. 위탁이라 재고를 잡을 필요가 없고, 주문이 들어오면 본사에서 바로 나가요. 셀러는 파는 일만 하면 됩니다.\n품목도 고르기 쉽습니다. 고무장갑, 주방세제, 핸드워시, 치약, 고체가글. 전부 설명이 길게 필요 없고, 매달 다시 사는 것들이에요.\n공구, 오픈마켓, 폐쇄몰 어디든 됩니다. 최소 수량이랑 공급가는 프로필 링크로 문의 주세요.\n\n파는 데 쓸 시간을 파는 데 쓰게 하는 구조입니다.",skip,꿀팁 계정 전환으로 취소,
2026-11-08,18:00,instagram,video,reel-1108.mp4,거품이 빨리 씻깁니다.\n\n손에 미끈거림이 안 남아서 요리 바로 전에도 씁니다.\n헹구는 시간이 짧으면 물도 덜 쓰고요.\n\n계절을 안 타서 일 년 내내 돌릴 수 있습니다.\n\n위탁이라 재고 부담 없고 공급가도 저렴합니다.\n최소 수량이랑 공급가는 프로필 링크로 문의 주세요.\n\n#공동구매 #공구셀러 #위탁판매 #생활용품도매 #국내산 #스마트스토어 #폐쇄몰 #셀러모집 #찐한국,skip,꿀팁 계정 전환으로 취소,
2026-11-08,20:00,threads,text,,들고 다닐 수 있느냐가 소비량을 바꿉니다.\n\n집에만 두는 물건은 하루 한 번 쓰고 끝나요. 가방에 들어가는 물건은 하루에 몇 번씩 씁니다. 그만큼 빨리 없어지고요.\n숨결고체가글은 물 없이 씹는 가글입니다. 한 알 씹고 헹구면 끝이라 어디서든 됩니다. 24정이 손바닥만 한 케이스 하나라 가방에도 주머니에도 들어가요. 무알코올이라 입안이 안 쏩니다.\n액체 가글로는 안 되는 걸 하는 물건이라 살 이유가 분명합니다.\n위탁이고 공급가도 저렴합니다. 최소 수량은 프로필 링크로 문의 주세요.\n\n어디서 쓰이느냐가 얼마나 빨리 없어지느냐를 정합니다.,skip,꿀팁 계정 전환으로 취소,
2026-11-09,15:00,threads,image,hand-peony.jpg,"기능을 열 줄 적는 것보다 장면 하나가 셉니다.\n\n'보습 성분 함유'보다 '생선 만진 손 냄새가 안 남는다'가 훨씬 잘 팔려요. 겪어 본 사람이 많거든요.\n찐한국 핸드워시는 미세 거품이라 손톱 사이까지 들어갑니다. 생선 만진 손, 마늘 다진 손. 밴 냄새까지 씻어내고 기름기랑 미끌거림도 같이 걷어내요.\n헹굼이 빨라서 손에 미끈거림이 안 남으니 요리 바로 전에도 씁니다.\n셀러 입장에선 소구 한 줄이 명확한 상품이 카피 쓰기 편합니다.\n위탁이고 최소 수량이랑 공급가는 프로필 링크로 문의 주세요.\n\n기능을 나열하지 말고 장면 하나를 주세요.",skip,꿀팁 계정 전환으로 취소,
2026-11-09,18:00,instagram,video,reel-1109.mp4,찌든 기름때가 쉽게 녹습니다.\n\n베이킹소다가 기름을 풀어줘서 힘줘서 문지를 필요가 없어요.\n팬 하나가 금방 끝납니다.\n\n싱크대 앞에서 같이 쓰이는 것들이라 묶으면 장바구니가 커집니다.\n\n위탁이라 재고 부담 없고 공급가도 저렴합니다.\n최소 수량이랑 공급가는 프로필 링크로 문의 주세요.\n\n#공동구매 #공구셀러 #위탁판매 #생활용품도매 #국내산 #스마트스토어 #폐쇄몰 #셀러모집 #찐한국,skip,꿀팁 계정 전환으로 취소,
2026-11-09,20:00,threads,text,,"한 번 팔고 끝나는 상품만 모으면 매달 처음부터 다시 시작합니다.\n\n지난달에 판 사람이 이번 달에 또 사야 매출이 쌓이거든요.\n찐한국은 전부 소모품입니다. 고무장갑도 주방세제도 핸드워시도 쓰다 보면 없어지는 것들이에요. 다 쓰면 다시 사고, 그게 다음 공구가 됩니다.\n장갑은 34cm에 미끄럼 방지 패턴이라 한 번 껴 보면 바꾸기 싫어지고, 세제는 기름때가 쉽게 녹아서 재구매가 빠릅니다.\n전부 위탁이고 공급가도 저렴합니다. 최소 수량은 프로필 링크로 문의 주세요.\n\n신규를 계속 모으는 장사보다, 같은 사람이 다시 오는 장사가 편합니다.",skip,꿀팁 계정 전환으로 취소,
2026-11-10,15:00,threads,text,,"셀러가 망하는 이유는 안 팔려서가 아니라, 돈이 재고에 묶여서입니다.\n\n사입하면 팔리기 전에 현금이 먼저 나갑니다. 잘못 고르면 그 돈이 창고에 그대로 서 있어요.\n찐한국은 위탁입니다. 주문이 들어오면 본사에서 바로 나갑니다. 사입도 창고도 필요 없습니다.\n셀러 입장에선 시작할 때 드는 돈이 거의 없다는 뜻이에요. 반응이 안 오면 다음 품목으로 넘어가면 그만이고요.\n공급가도 저렴해서 마진 잡기가 편합니다. 최소 수량이랑 공급가는 프로필 링크로 문의 주세요.\n\n리스크가 낮으면 시도를 많이 할 수 있습니다. 시도가 많은 셀러가 결국 이겨요.",skip,꿀팁 계정 전환으로 취소,
2026-11-10,18:00,instagram,video,reel-1110.mp4,색이 두 가지입니다.\n\n그레이랑 퍼플. 주방 분위기에 맞춰 고르시면 됩니다.\n색이 두 개면 장바구니에 두 개가 담기고요.\n\n소비 속도가 빨라서 재주문 주기가 짧습니다.\n\n위탁이라 재고 부담 없고 공급가도 저렴합니다.\n최소 수량이랑 공급가는 프로필 링크로 문의 주세요.\n\n#공동구매 #공구셀러 #위탁판매 #생활용품도매 #국내산 #스마트스토어 #폐쇄몰 #셀러모집 #찐한국,skip,꿀팁 계정 전환으로 취소,
2026-11-10,20:00,threads,text,,"공구는 '뭘 파느냐'보다 '몇 번 여느냐'입니다.\n\n한 번 크게 여는 것보다 꾸준히 도는 게 결국 큽니다. 그러려면 계속 열 수 있는 품목이 있어야 해요.\n찐한국은 전부 매일 쓰고 매달 없어지는 것들입니다. 고무장갑, 주방세제, 핸드워시, 치약, 고체가글.\n이번 달에 장갑으로 열고, 다음 달에 세제로 열고, 그다음엔 묶음으로 여는 식이 됩니다. 같은 고객한테 계속 열 수 있는 거죠.\n전부 위탁이고 공급가도 저렴합니다. 최소 수량은 프로필 링크로 문의 주세요.\n\n대박 한 번보다 열두 번 여는 게 낫습니다.",skip,꿀팁 계정 전환으로 취소,
2026-11-11,15:00,threads,text,,"잘 팔리는 상품은 말이 많지 않습니다.\n\n'이거 하나면 끝', '즉시 효과' 이런 카피, 요즘 소비자는 오히려 걸러요.\n찐한국 숨결고체가글은 물 없이 씹어서 쓰는 가글입니다. 한 알 씹고 헹구면 끝, 무알코올이라 입안이 안 쏩니다. 24정이 손바닥만 한 케이스 하나라 가방에 툭 넣고 다녀요.\n할 수 있는 말만 적어도 상세페이지가 채워집니다. 과장을 뺀 자리에 신뢰가 들어오거든요.\n공급가는 저렴한 편이고, 최소 수량은 프로필 링크로 문의 주시면 안내드립니다.\n\n포장을 화려하게 안 해도 팔리는 상품이 진짜 좋은 상품이에요.",skip,꿀팁 계정 전환으로 취소,
2026-11-11,18:00,instagram,video,reel-1111.mp4,공급가가 저렴합니다.\n\n마진을 남기기 편한 구조예요.\n게다가 위탁이라 재고에 돈이 묶이지 않습니다.\n\n시작할 때 드는 돈이 거의 없습니다.\n\n최소 수량이랑 공급가는 프로필 링크로 문의 주세요.\n\n#공동구매 #공구셀러 #위탁판매 #생활용품도매 #국내산 #스마트스토어 #폐쇄몰 #셀러모집 #찐한국,skip,꿀팁 계정 전환으로 취소,
2026-11-11,20:00,threads,image,glove-grip.jpg,"진입 장벽이 낮은 상품은 경쟁도 심합니다. 그래서 차이 한 줄이 필요해요.\n\n고무장갑은 어디서나 팝니다. 그런데 대부분 '고무장갑'이라고만 써 있어요.\n찐한국은 길이가 34cm입니다. 팔목까지 올라와서 설거지하다 물이 안으로 안 들어와요. 소매 젖을 일이 없습니다.\n손바닥엔 미끄럼 방지 패턴이 있어서 세제 묻은 접시도 안 미끄러지고, 두께는 얇게 뽑아 손 감각이 살아 있습니다.\n셀러 입장에선 남들과 다르게 쓸 문장이 있다는 게 전부예요.\n위탁이고 최소 수량이랑 공급가는 프로필 링크로 문의 주세요.\n\n같은 상품이라도 쓸 말이 있는 쪽이 팝니다.",skip,꿀팁 계정 전환으로 취소,
2026-09-30,18:30,threads,carousel,https://shopping.toss.im/live/taca/ai/v2/M2VjYjJk/QU5NbVdrem0wNWF6am01YVRCdzhaUzhqTVNXbGVVbXl0dkQ4MnNIV2hDNXI.png;https://shopping.toss.im/live/temp/2026-03-07/dfa0586e-d9a2-4e68-9a91-0d689b129b47.jpeg;https://shopping.toss.im/ml-vision/smart-crop/8f8f4e35-58d8-4eb3-9d42-ab070d526898.jpg;https://shopping.toss.im/ml-vision/smart-crop/0975e20a-2318-47ed-860a-a613de48eddd.jpg,"캠핑주방용품 쪽에서 눈에 띄는 상품이에요.\n\n42,000원 → 35,000원\n후기 18개 · 평점 4.8\n\n링크는 댓글에 있어요.",,,"※ 이 포스팅은 토스쇼핑 쉐어링크 활동의 일환으로, 이에 따른 일정액의 수수료를 제공받습니다.\n더좋은부탄 부탄가스, 250g, 28개입, 1박스\nhttps://toss.shopping/_m/vq6eFk2B\n\n가격·할인은 글 예약 시점 기준이라 바뀔 수 있어요."
2026-10-01,09:00,threads,carousel,https://shopping.toss.im/live/taca/ai/YTY2YTJk/QVBWNi8vQXFoUUFQMVhyLzhBcUZDQS84dlBmNEJVS3FCL3E5MWZvVlFxb2Y.png;https://shopping.toss.im/live/product/61070989/73a4e00c-26ba-44d7-bc13-6ed2f11326f6.jpg;https://shopping.toss.im/live/temp/2026-03-12/855e3393-2c95-437f-8934-a39e38cb5328.jpeg;https://shopping.toss.im/live/temp/2026-03-12/7f6d38b6-834b-4cdb-94e9-2f297cd9ac49.jpeg,"[광고] 쿠오레 BLDC 무선청소기, COVA-S…\n\n생활가전 카테고리 베스트에 올라 있는 상품이에요. 구성은 아래를 참고해 주세요.\n\n🔸 생활가전 베스트 12위\n🔸 후기 157개, 평점 4.6\n🔸 179,000원 → 89,000원 (50% 할인)\n🔸 표기 구성 1개\n\n50% 할인 · 89,000원 · 후기 157개 · 평점 4.6\n\n#생활가전 #살림템 #생활꿀템 #토스쇼핑\n\n※ 이 포스팅은 토스쇼핑 쉐어링크 활동의 일환으로, 이에 따른 일정액의 수수료를 제공받습니다.",,,"[광고] 상품 정보와 구매는 여기서 확인하세요.\n👉 https://toss.shopping/_m/ZNU4fIyC\n\n가격·할인은 글 예약 시점 기준이라 바뀔 수 있어요.\n※ 이 포스팅은 토스쇼핑 쉐어링크 활동의 일환으로, 이에 따른 일정액의 수수료를 제공받습니다."
2026-10-01,11:00,threads,carousel,https://shopping.toss.im/live/taca/ai/M2Y2Yzlj/U3RTWG5xVXJTbG1jYVhGbmN0WnBiTkcwR3BPV3RMU01jY1Q0OFlwUWp3ND0.png;https://shopping.toss.im/live/temp/2026-01-14/580c2164-b5f3-4c45-8411-155af221528f.jpeg;https://shopping.toss.im/ml-vision/smart-crop/333b25f1-e687-41e3-a85b-bb61859d5ff5.jpg;https://shopping.toss.im/ml-vision/smart-crop/e5148132-4fea-4c8d-933e-5f823d8e3c17.jpg,"21% 할인하는 상품이에요.\n\n19,000원 → 14,900원\n후기 196개 · 평점 4.6\n\n링크는 댓글에 있어요.",,,"※ 이 포스팅은 토스쇼핑 쉐어링크 활동의 일환으로, 이에 따른 일정액의 수수료를 제공받습니다.\n올리 프리미엄 워싱소다, 3kg, 3개\nhttps://toss.shopping/_m/zOW2xj61\n\n가격·할인은 글 예약 시점 기준이라 바뀔 수 있어요."
2026-10-01,15:30,threads,carousel,https://shopping.toss.im/live/temp/2025-06-19/1528ece3-823e-438f-bade-1fe1d7110356.jpeg;https://shopping.toss.im/live/temp/2026-04-27/fff9c1f4-afc0-4754-a068-d23ca19d74b0.jpeg;https://shopping.toss.im/live/temp/2026-04-27/89b3e869-366a-4afc-99fe-1eba178c797b.jpeg;https://shopping.toss.im/live/temp/2026-04-27/46dbf779-959e-4b62-85c6-10a3d386bb42.jpeg,"[광고] 키친플라워 쿠킨 세이프 이중 유리 전기포트…\n\n요즘 냉장고 쪽에서 많이 찾는 상품이에요. 필요하면 링크에서 자세히 확인해 보세요.\n\n🔸 냉장고/밥솥/주방가전 베스트 3위\n🔸 후기 170개, 평점 4.5\n🔸 30,400원 → 16,500원 (45% 할인)\n🔸 표기 구성 1.8L · 1개\n\n45% 할인 · 16,500원 · 후기 170개 · 평점 4.5\n\n#냉장고 #살림템 #생활꿀템 #토스쇼핑\n\n※ 이 포스팅은 토스쇼핑 쉐어링크 활동의 일환으로, 이에 따른 일정액의 수수료를 제공받습니다.",,,"[광고] 상품 정보와 구매는 여기서 확인하세요.\n👉 https://toss.shopping/_m/N1AoGjn4\n\n가격·할인은 글 예약 시점 기준이라 바뀔 수 있어요.\n※ 이 포스팅은 토스쇼핑 쉐어링크 활동의 일환으로, 이에 따른 일정액의 수수료를 제공받습니다."
2026-10-01,18:30,threads,carousel,https://shopping.toss.im/live/temp/2025-05-14/52c78bea-ea6e-40df-92a3-fca69d1d7141.jpeg;https://shopping.toss.im/ml-vision/smart-crop/27318939-ff2c-4255-9d82-ef4e93bec35d.jpg;https://shopping.toss.im/ml-vision/smart-crop/2ce7b74f-3b8f-49bb-847d-74f5f86b2a4e.jpg;https://shopping.toss.im/ml-vision/smart-crop/26eb0dc5-c32d-4800-aaf9-7a6a8bc12eec.jpg,"71% 할인이에요. 이 가격 실화인가 싶어요.\n\n19,900원 → 5,740원\n후기 24,085개 · 평점 4.7\n\n링크는 댓글에 있어요.",,,"※ 이 포스팅은 토스쇼핑 쉐어링크 활동의 일환으로, 이에 따른 일정액의 수수료를 제공받습니다.\n맘스럽 아토워시 프렌치 라벤더 캡슐세제 파우치형, 8g, 200개입, 1개\nhttps://toss.shopping/_m/xk1Htui2\n\n가격·할인은 글 예약 시점 기준이라 바뀔 수 있어요."
2026-10-02,09:00,threads,carousel,https://shopping.toss.im/live/taca/ai/YjY0NWNi/ZS9oQTlrTDRTTDBtZ0ZpcFJJU1NEMHlza2c1b3JkS0VtaVFNSGJ0SEtlZz0.png;https://shopping.toss.im/live/temp/2026-04-11/c1e92e1c-86b9-4106-9051-6856b901f232.jpeg;https://shopping.toss.im/ml-vision/smart-crop/8a218c55-3071-415a-b360-1cb0fc738fbb.jpg;https://shopping.toss.im/ml-vision/smart-crop/d0467ee0-6ea4-4ebf-a636-3948172de5b9.jpg,"[광고] 베라 무해력 4ZERO 뽑아쓰는 미용티슈, 250매…\n\n후기가 꾸준히 쌓인 생활용품 상품이에요. 가격과 후기를 먼저 정리해 봤어요.\n\n🔸 생활용품 베스트 14위\n🔸 후기 2,714개, 평점 4.7\n🔸 41,800원 → 19,000원 (54% 할인)\n🔸 표기 구성 250매 · 12팩\n\n54% 할인 · 19,000원 · 후기 2,714개 · 평점 4.7\n\n#생활용품 #살림템 #생활꿀템 #토스쇼핑\n\n※ 이 포스팅은 토스쇼핑 쉐어링크 활동의 일환으로, 이에 따른 일정액의 수수료를 제공받습니다.",,,"[광고] 상품 정보와 구매는 여기서 확인하세요.\n👉 https://toss.shopping/_m/DnRGvOsh\n\n가격·할인은 글 예약 시점 기준이라 바뀔 수 있어요.\n※ 이 포스팅은 토스쇼핑 쉐어링크 활동의 일환으로, 이에 따른 일정액의 수수료를 제공받습니다."
2026-10-02,11:00,threads,carousel,https://shopping.toss.im/live/taca/ai/YmI5NjNi/QUw5TGt3WE5tM25rc3V6V21Ta250dHRhZENrcnBwUGFiaVc4Ny9JWVR4U2Q.png;https://shopping.toss.im/live/product/33249927/0848c827-a3f0-4be0-a6d3-efcc41f32830.jpeg;https://shopping.toss.im/ml-vision/smart-crop/a89f2170-5e4e-4b7b-aea1-b1283d7f4e14.jpg;https://shopping.toss.im/ml-vision/smart-crop/d9bd4a98-6436-4bee-a75d-0964eae77207.jpg,"40% 할인하는 상품이에요.\n\n18,000원 → 10,800원\n후기 22개 · 평점 4.6\n\n링크는 댓글에 있어요.",,,"※ 이 포스팅은 토스쇼핑 쉐어링크 활동의 일환으로, 이에 따른 일정액의 수수료를 제공받습니다.\n블루웨일 차량용 요소수, 10L, 호스 포함, 1개\nhttps://toss.shopping/_m/RAyVZUQ4\n\n가격·할인은 글 예약 시점 기준이라 바뀔 수 있어요."
2026-10-02,15:30,threads,carousel,https://shopping.toss.im/live/taca/ai/ZTFhY2Q2/QUxHanMzYUtKOEl4eXpmWk14dzJDdmVrbSt5SFlaT3BUdHRaMmhucUZNSHk.png;https://shopping.toss.im/live/product/12437/716ad81e-4803-4f04-b9e8-fa4b19df957f.jpeg;https://shopping.toss.im/ml-vision/smart-crop/9ae279d4-452f-4b26-8413-06bc66288802.jpg;https://shopping.toss.im/ml-vision/smart-crop/6e6589ac-fb74-457c-9f26-d401c91e7ed0.jpg,"[광고] 가쯔 이동식 트롤리 틈새 수납장, 화이트, 4단, 1개\n\n후기가 꾸준히 쌓인 수납가구 상품이에요. 가격과 후기를 먼저 정리해 봤어요.\n\n🔸 수납가구 베스트 2위\n🔸 후기 77개, 평점 4.5\n🔸 27,900원 → 15,900원 (43% 할인)\n🔸 표기 구성 4단 · 1개\n\n43% 할인 · 15,900원 · 후기 77개 · 평점 4.5\n\n#수납가구 #살림템 #생활꿀템 #토스쇼핑\n\n※ 이 포스팅은 토스쇼핑 쉐어링크 활동의 일환으로, 이에 따른 일정액의 수수료를 제공받습니다.",,,"[광고] 상품 정보와 구매는 여기서 확인하세요.\n👉 https://toss.shopping/_m/z6bNL211\n\n가격·할인은 글 예약 시점 기준이라 바뀔 수 있어요.\n※ 이 포스팅은 토스쇼핑 쉐어링크 활동의 일환으로, 이에 따른 일정액의 수수료를 제공받습니다."
2026-10-02,18:30,threads,carousel,https://shopping.toss.im/live/taca/ai/v2/OTZmNjE5/UXZUL21aTHdKbWRTOE4vL2tQaHpPSDRGMytkK0ZjM25YclQ4elY0MDNPYz0.png;https://shopping.toss.im/live/temp/2026-02-22/68d64751-1ef9-4054-9a89-f29f0c7b6fb2.jpeg;https://shopping.toss.im/ml-vision/smart-crop/07a64117-d5bc-4494-8020-221b7557b05d.jpg;https://shopping.toss.im/ml-vision/smart-crop/fc49ed91-3584-444f-b797-c03246189bec.jpg,"후기 31개 쌓인 캠핑주방용품 상품이에요.\n\n14,000원 → 11,400원\n후기 31개 · 평점 4.8\n\n링크는 댓글에 있어요.",,,"※ 이 포스팅은 토스쇼핑 쉐어링크 활동의 일환으로, 이에 따른 일정액의 수수료를 제공받습니다.\n대륙부탄 부탄가스, 8개\nhttps://toss.shopping/_m/pVEJmv6C\n\n가격·할인은 글 예약 시점 기준이라 바뀔 수 있어요."
2026-10-03,09:00,threads,carousel,https://shopping.toss.im/live/taca/ai/v2/M2ExOWM4/QUpQRGkwTkwwNVBENGtQNlc3dzREU3diTGFlMWVweVN0T1Q4UnBUV2xEaHI.png;https://shopping.toss.im/live/temp/2026-03-07/665e408b-edda-4faa-bd90-a6334771199f.jpeg;https://shopping.toss.im/ml-vision/smart-crop/398ccac2-54a5-4560-a909-76c5a56b0a48.jpg;https://shopping.toss.im/ml-vision/smart-crop/82a4e96b-0f79-4402-ab5e-3f1e889ae20c.jpg,"[광고] 썬연료 부탄가스, 220g, 28개입, 1박스\n\n캠핑주방용품 카테고리 베스트에 올라 있는 상품이에요. 가격과 후기를 먼저 정리해 봤어요.\n\n🔸 캠핑주방용품 베스트 15위\n🔸 후기 24개, 평점 4.6\n🔸 40,000원 → 36,000원 (10% 할인)\n🔸 표기 구성 220g\n\n10% 할인 · 36,000원 · 후기 24개 · 평점 4.6\n\n#캠핑주방용품 #살림템 #생활꿀템 #토스쇼핑\n\n※ 이 포스팅은 토스쇼핑 쉐어링크 활동의 일환으로, 이에 따른 일정액의 수수료를 제공받습니다.",,,"[광고] 상품 정보와 구매는 여기서 확인하세요.\n👉 https://toss.shopping/_m/Ri20gei7\n\n가격·할인은 글 예약 시점 기준이라 바뀔 수 있어요.\n※ 이 포스팅은 토스쇼핑 쉐어링크 활동의 일환으로, 이에 따른 일정액의 수수료를 제공받습니다."
2026-10-03,11:00,threads,carousel,https://shopping.toss.im/live/taca/ai/ZGRhZWIw/QUpzMnlUbExHZVlacGxtMjVwdG1XZVl0NDV6YjFNbHFTV01NcFMxYU5Gclc.png;https://shopping.toss.im/live/temp/2025-08-06/adcea15f-2dc2-4bc7-bc4f-0296cf900956.jpeg;https://shopping.toss.im/ml-vision/smart-crop/a69673da-08f7-480f-bc08-9f5c41d5c29c.jpg;https://shopping.toss.im/ml-vision/smart-crop/8d095904-5a81-442c-957e-ffd075910a9f.jpg,"지금 41% 할인 중이에요.\n\n289,000원 → 169,000원\n후기 99개 · 평점 4.8\n\n링크는 댓글에 있어요.",,,"※ 이 포스팅은 토스쇼핑 쉐어링크 활동의 일환으로, 이에 따른 일정액의 수수료를 제공받습니다.\n대림바스 비데, DDS-S1700, 1개\nhttps://toss.shopping/_m/JPZK3UWz\n\n가격·할인은 글 예약 시점 기준이라 바뀔 수 있어요."
2026-10-03,15:30,threads,carousel,https://shopping.toss.im/live/taca/ai/v2/Zjg1YjZl/QUxUMDBmN3R0bTJrMlRTMWxMV3RiWWU4bERTcGtpVXJXSlpwMWpscldKbm0.png;https://shopping.toss.im/live/temp/2025-07-22/ddcd1f45-db5c-4fa0-84a2-33a8f7dc8b7c.jpeg;https://shopping.toss.im/ml-vision/smart-crop/dc487219-3e3d-4f4d-90d3-a905167c1c58.jpg;https://shopping.toss.im/ml-vision/smart-crop/a61a0be2-c4e7-49fd-b010-4df67ed304c4.jpg,"[광고] 코베아 멀티 캠핑 웨건, 카키 KECQ9DT-05…\n\n후기가 꾸준히 쌓인 수납 상품이에요. 구성은 아래를 참고해 주세요.\n\n🔸 수납/정리소품 베스트 2위\n🔸 후기 16개, 평점 4.5\n🔸 89,000원 → 65,000원 (26% 할인)\n🔸 표기 구성 1개\n\n26% 할인 · 65,000원 · 후기 16개 · 평점 4.5\n\n#수납 #살림템 #생활꿀템 #토스쇼핑\n\n※ 이 포스팅은 토스쇼핑 쉐어링크 활동의 일환으로, 이에 따른 일정액의 수수료를 제공받습니다.",,,"[광고] 상품 정보와 구매는 여기서 확인하세요.\n👉 https://toss.shopping/_m/5C9sxqA8\n\n가격·할인은 글 예약 시점 기준이라 바뀔 수 있어요.\n※ 이 포스팅은 토스쇼핑 쉐어링크 활동의 일환으로, 이에 따른 일정액의 수수료를 제공받습니다."
2026-10-03,18:30,threads,carousel,https://shopping.toss.im/live/taca/ai/v2/ODViNjNj/QU1ra3VjdkxabVdjYkp6Q1lueVprM1Mzak00eU00M2E5bGkyTDhsSVBDWEQ.png;https://shopping.toss.im/live/temp/2026-07-08/f7c48fff-0d9a-4073-8793-c9fe21d2b987.jpeg;https://shopping.toss.im/live/temp/2026-09-30/5f50d487-afd8-4114-aff7-1ed7cfb22687.jpeg,"55% 할인 중이라 눈에 들어왔어요.\n\n25,000원 → 11,190원\n후기 69개 · 평점 4.7\n\n링크는 댓글에 있어요.",,,"※ 이 포스팅은 토스쇼핑 쉐어링크 활동의 일환으로, 이에 따른 일정액의 수수료를 제공받습니다.\n쿠킹메이트 키친타월, 200매, 12롤, 1팩\nhttps://toss.shopping/_m/7cyHKdlc\n\n가격·할인은 글 예약 시점 기준이라 바뀔 수 있어요."
2026-10-04,09:00,threads,carousel,https://shopping.toss.im/live/taca/ai/NzkzZTc5/SktWamJGczczSnRuWkZvMHVKdThtN3hzRzN1VnhJWFN4ZEtUUStMa2JLUT0.png;https://shopping.toss.im/live/temp/2025-03-13/3f9599d1-1c95-4faa-ba22-a4579337ec8d.jpeg;https://shopping.toss.im/ml-vision/smart-crop/fa175938-4913-41e1-a3fb-bd6adfe40c2e.jpg;https://shopping.toss.im/ml-vision/smart-crop/6371e010-7153-4931-97a8-938b5323676f.jpg,"[광고] 신일전자 BLDC 무선 청소기 + 충전거치대…\n\n요즘 생활가전 쪽에서 많이 찾는 상품이에요. 가격과 후기를 먼저 정리해 봤어요.\n\n🔸 생활가전 베스트 16위\n🔸 후기 103개, 평점 4.6\n🔸 399,000원 → 186,000원 (53% 할인)\n🔸 표기 구성 1개\n\n53% 할인 · 186,000원 · 후기 103개 · 평점 4.6\n\n#생활가전 #살림템 #생활꿀템 #토스쇼핑\n\n※ 이 포스팅은 토스쇼핑 쉐어링크 활동의 일환으로, 이에 따른 일정액의 수수료를 제공받습니다.",,,"[광고] 상품 정보와 구매는 여기서 확인하세요.\n👉 https://toss.shopping/_m/1F7UiKYe\n\n가격·할인은 글 예약 시점 기준이라 바뀔 수 있어요.\n※ 이 포스팅은 토스쇼핑 쉐어링크 활동의 일환으로, 이에 따른 일정액의 수수료를 제공받습니다."
2026-10-04,11:00,threads,carousel,https://shopping.toss.im/live/temp/2026-03-13/36440fa9-a7cc-4b79-8d19-393e9609ecaf.jpeg;https://shopping.toss.im/live/temp/2026-03-13/f71360ee-a536-4c94-b0cb-9d5aa0599e05.jpeg;https://shopping.toss.im/live/temp/2026-03-13/43e6e11f-65fb-48c5-8b1a-6d481cfed745.jpeg;https://shopping.toss.im/live/temp/2026-03-13/1edb7879-8996-43f5-80e8-4efc3e8044a2.jpeg,"52% 할인이에요. 이 가격 실화인가 싶어요.\n\n42,900원 → 20,500원\n후기 116개 · 평점 4.6\n\n링크는 댓글에 있어요.",,,"※ 이 포스팅은 토스쇼핑 쉐어링크 활동의 일환으로, 이에 따른 일정액의 수수료를 제공받습니다.\n키친플라워 쿠킨 유리 티포트, KEK-GF181GT, 1.8L, 1개\nhttps://toss.shopping/_m/jqID9ZHn\n\n가격·할인은 글 예약 시점 기준이라 바뀔 수 있어요."
2026-10-04,15:30,threads,carousel,https://shopping.toss.im/live/product/749027/4d8c45b1-b813-49a5-8e48-abba0206a3fd.jpeg;https://shopping.toss.im/ml-vision/smart-crop/2f3af634-ccf5-4f76-917f-b7143cdb032c.jpg;https://shopping.toss.im/ml-vision/smart-crop/bc325e9d-4603-4a7e-a681-e4f03a4f81bf.jpg;https://shopping.toss.im/ml-vision/smart-crop/740c2c0d-7e1b-4de4-9e73-9cb6bb18c514.jpg,"[광고] 필립스 스팀다리미 DST1040/30, 1개\n\n후기가 꾸준히 쌓인 생활가전 상품이에요. 구성은 아래를 참고해 주세요.\n\n🔸 생활가전 베스트 14위\n🔸 후기 194개, 평점 4.5\n🔸 79,000원 → 23,037원 (70% 할인)\n🔸 표기 구성 1개\n\n70% 할인 · 23,037원 · 후기 194개 · 평점 4.5\n\n#생활가전 #살림템 #생활꿀템 #토스쇼핑\n\n※ 이 포스팅은 토스쇼핑 쉐어링크 활동의 일환으로, 이에 따른 일정액의 수수료를 제공받습니다.",,,"[광고] 상품 정보와 구매는 여기서 확인하세요.\n👉 https://toss.shopping/_m/tCriwcmy\n\n가격·할인은 글 예약 시점 기준이라 바뀔 수 있어요.\n※ 이 포스팅은 토스쇼핑 쉐어링크 활동의 일환으로, 이에 따른 일정액의 수수료를 제공받습니다."
2026-10-04,18:30,threads,carousel,https://shopping.toss.im/live/temp/2025-03-17/160b8734-5f88-43fd-b1aa-2db11f819d2e.jpeg;https://shopping.toss.im/ml-vision/smart-crop/2f88f2ff-38b4-4b05-b8f5-d28013f7b592.jpg;https://shopping.toss.im/ml-vision/smart-crop/559e91e7-3561-4e73-8dba-8284cbf11e8b.jpg;https://shopping.toss.im/ml-vision/smart-crop/ac0a86e8-9500-40b4-8807-4b28834639d9.jpg,"할인율 45%, 가격이 괜찮아요.\n\n59,500원 → 32,500원\n후기 48개 · 평점 4.6\n\n링크는 댓글에 있어요.",,,"※ 이 포스팅은 토스쇼핑 쉐어링크 활동의 일환으로, 이에 따른 일정액의 수수료를 제공받습니다.\n필립스 핸디형 스팀다리미 1000 시리즈, STH1010/10, 혼합색상, 1개\nhttps://toss.shopping/_m/54FvCv3h\n\n가격·할인은 글 예약 시점 기준이라 바뀔 수 있어요."
2026-10-05,09:00,threads,carousel,https://shopping.toss.im/live/temp/2026-09-22/a29f603c-119f-4792-aaf1-2c831bf7dec6.jpeg;https://shopping.toss.im/live/temp/2026-09-22/1bbd74d0-0331-4e39-894f-4958d08c0e58.jpeg;https://shopping.toss.im/live/temp/2026-09-22/e5ee1e15-32a1-47a3-a318-cca3212e5a47.jpeg;https://shopping.toss.im/live/temp/2026-09-22/1b8215fe-8f1f-4766-a6a9-6aea82acb142.jpeg,"[광고] 모노케어 3구개별 안전커버 멀티탭, 화이트…\n\n후기가 꾸준히 쌓인 생활용품 상품이에요. 구성은 아래를 참고해 주세요.\n\n🔸 생활용품 베스트 18위\n🔸 후기 545개, 평점 4.7\n🔸 19,800원 → 5,530원 (72% 할인)\n🔸 표기 구성 1.5m · 1개\n\n72% 할인 · 5,530원 · 후기 545개 · 평점 4.7\n\n#생활용품 #살림템 #생활꿀템 #토스쇼핑\n\n※ 이 포스팅은 토스쇼핑 쉐어링크 활동의 일환으로, 이에 따른 일정액의 수수료를 제공받습니다.",,,"[광고] 상품 정보와 구매는 여기서 확인하세요.\n👉 https://toss.shopping/_m/TQPAJx6s\n\n가격·할인은 글 예약 시점 기준이라 바뀔 수 있어요.\n※ 이 포스팅은 토스쇼핑 쉐어링크 활동의 일환으로, 이에 따른 일정액의 수수료를 제공받습니다."
2026-10-05,11:00,threads,carousel,https://shopping.toss.im/live/taca/ai/v2/OTZmNjE5/UXZUL21aTHdKbWRTOE4vL2tQaHpPSDRGMytkK0ZjM25YclQ4elY0MDNPYz0.png;https://shopping.toss.im/live/temp/2026-02-22/68d64751-1ef9-4054-9a89-f29f0c7b6fb2.jpeg;https://shopping.toss.im/ml-vision/smart-crop/07a64117-d5bc-4494-8020-221b7557b05d.jpg;https://shopping.toss.im/ml-vision/smart-crop/fc49ed91-3584-444f-b797-c03246189bec.jpg,"캠핑주방용품 베스트 28위 상품이에요.\n\n7,500원 → 6,970원\n후기 18개 · 평점 4.8\n\n링크는 댓글에 있어요.",,,"※ 이 포스팅은 토스쇼핑 쉐어링크 활동의 일환으로, 이에 따른 일정액의 수수료를 제공받습니다.\n대륙부탄 부탄가스, 220g, 4개\nhttps://toss.shopping/_m/BOci4PPj\n\n가격·할인은 글 예약 시점 기준이라 바뀔 수 있어요."
2026-10-05,15:30,threads,carousel,https://shopping.toss.im/live/temp/2026-02-06/fc6c2941-3699-43e4-99c5-f4184fd7a10c.jpeg;https://shopping.toss.im/ml-vision/smart-crop/e699d053-4629-450e-859c-68497bc4c826.jpg;https://shopping.toss.im/ml-vision/smart-crop/5505c001-349e-4b85-8234-cbcb3e5f8716.jpg;https://shopping.toss.im/ml-vision/smart-crop/b7ed5492-ad03-499b-aa63-baa92d973c41.jpg,"[광고] 이플리토 퍼팩트 구강세정기, 1개\n\n요즘 생활가전 쪽에서 많이 찾는 상품이에요. 핵심만 짧게 적어둘게요.\n\n🔸 생활가전 베스트 19위\n🔸 후기 29개, 평점 4.6\n🔸 49,900원 → 29,900원 (40% 할인)\n🔸 표기 구성 1개\n\n40% 할인 · 29,900원 · 후기 29개 · 평점 4.6\n\n#생활가전 #살림템 #생활꿀템 #토스쇼핑\n\n※ 이 포스팅은 토스쇼핑 쉐어링크 활동의 일환으로, 이에 따른 일정액의 수수료를 제공받습니다.",,,"[광고] 상품 정보와 구매는 여기서 확인하세요.\n👉 https://toss.shopping/_m/pHF1qj7n\n\n가격·할인은 글 예약 시점 기준이라 바뀔 수 있어요.\n※ 이 포스팅은 토스쇼핑 쉐어링크 활동의 일환으로, 이에 따른 일정액의 수수료를 제공받습니다."
2026-10-05,18:30,threads,carousel,https://shopping.toss.im/live/temp/2025-12-26/14be8d96-b913-45be-9a19-8f84cc8726a9.jpeg;https://shopping.toss.im/ml-vision/smart-crop/72a1cfeb-2356-4168-b65d-0d8c028334c7.jpg;https://shopping.toss.im/ml-vision/smart-crop/18dfd444-6fe4-4269-b86f-748bfcfaa9c4.jpg;https://shopping.toss.im/ml-vision/smart-crop/f7de4347-30ba-4d9f-a3f8-90fc52fc834f.jpg,"55% 할인 중이라 눈에 들어왔어요.\n\n60,000원 → 26,900원\n후기 49개 · 평점 4.6\n\n링크는 댓글에 있어요.",,,"※ 이 포스팅은 토스쇼핑 쉐어링크 활동의 일환으로, 이에 따른 일정액의 수수료를 제공받습니다.\n롤키친 스테인리스 2단 찜기, RS-412SE\nhttps://toss.shopping/_m/tZywbg5l\n\n가격·할인은 글 예약 시점 기준이라 바뀔 수 있어요."
2026-10-06,09:00,threads,carousel,https://shopping.toss.im/live/temp/2026-03-05/e493168a-4cca-4b16-9c8e-2afc92a09991.jpeg;https://shopping.toss.im/live/temp/2026-03-05/1e7e2437-9846-4e39-8eec-6738d49c24e6.jpeg;https://shopping.toss.im/live/product/11377107/c097e6e3-2bd9-4bb7-959a-529eaaa3c346.jpeg;https://shopping.toss.im/ml-vision/smart-crop/f4f137b8-26da-492b-b0ed-e14e641553de.jpg,"[광고] 올챌린지 천연펄프 화장지, 3겹, 30m, 30롤…\n\n후기가 꾸준히 쌓인 생활용품 상품이에요. 필요하면 링크에서 자세히 확인해 보세요.\n\n🔸 생활용품 베스트 3위\n🔸 후기 7,013개, 평점 4.7\n🔸 50,000원 → 21,900원 (56% 할인)\n🔸 표기 구성 3겹 · 30m · 30롤 · 2팩\n\n56% 할인 · 21,900원 · 후기 7,013개 · 평점 4.7\n\n#생활용품 #살림템 #생활꿀템 #토스쇼핑\n\n※ 이 포스팅은 토스쇼핑 쉐어링크 활동의 일환으로, 이에 따른 일정액의 수수료를 제공받습니다.",,,"[광고] 상품 정보와 구매는 여기서 확인하세요.\n👉 https://toss.shopping/_m/vYhw1ot8\n\n가격·할인은 글 예약 시점 기준이라 바뀔 수 있어요.\n※ 이 포스팅은 토스쇼핑 쉐어링크 활동의 일환으로, 이에 따른 일정액의 수수료를 제공받습니다."
2026-10-06,11:00,threads,carousel,https://shopping.toss.im/live/taca/ai/NDdjZjhk/QUlucm00MmsrMEZmM3dXWm5TRDc3T3FnNlRqaVRHVzg0QzRqN3RJWWswZG4.png;https://shopping.toss.im/c52e5422-3a2a-4b49-b193-9a10bad53bb7.jpg;https://shopping.toss.im/live/temp/2025-12-31/49c36b5c-8674-4082-82e4-e1a05e0c6d9c.jpeg;https://shopping.toss.im/live/temp/2025-12-31/e41eaf40-969c-4d63-80e4-743eb05cf4f7.jpeg,"지금 30% 할인 중이에요.\n\n16,880원 → 11,756원\n후기 60개 · 평점 4.7\n\n링크는 댓글에 있어요.",,,"※ 이 포스팅은 토스쇼핑 쉐어링크 활동의 일환으로, 이에 따른 일정액의 수수료를 제공받습니다.\n전동칫솔모, 오랄비 호환용, 16개\nhttps://toss.shopping/_m/FX02Cf3m\n\n가격·할인은 글 예약 시점 기준이라 바뀔 수 있어요."
2026-10-06,15:30,threads,carousel,https://shopping.toss.im/live/taca/ai/v2/NWYyZTA1/RU01RnBZWjVGdHNqMWttMm5UWE95VGJLT2wzZk92MlRlTFBtUks1MDBXZz0.png;https://shopping.toss.im/live/temp/2026-09-30/1c8e26b9-6613-403e-954e-4b1f3be52069.jpeg;https://shopping.toss.im/live/temp/2026-09-30/b606b0a4-3fdf-464c-8034-b7dcae8b2b7f.jpeg;https://shopping.toss.im/live/temp/2026-09-30/11cf0e08-ee9e-4527-bd48-b33d6950ff6b.jpeg,"[광고] 라헨느 더 퀸 스마트워터 진공포장기…\n\n요즘 냉장고 쪽에서 많이 찾는 상품이에요. 가격과 후기를 먼저 정리해 봤어요.\n\n🔸 냉장고/밥솥/주방가전 베스트 23위\n🔸 후기 23개, 평점 4.5\n🔸 149,000원 → 34,800원 (76% 할인)\n🔸 표기 구성 80W · 1개\n\n76% 할인 · 34,800원 · 후기 23개 · 평점 4.5\n\n#냉장고 #살림템 #생활꿀템 #토스쇼핑\n\n※ 이 포스팅은 토스쇼핑 쉐어링크 활동의 일환으로, 이에 따른 일정액의 수수료를 제공받습니다.",,,"[광고] 상품 정보와 구매는 여기서 확인하세요.\n👉 https://toss.shopping/_m/HcgDDkAx\n\n가격·할인은 글 예약 시점 기준이라 바뀔 수 있어요.\n※ 이 포스팅은 토스쇼핑 쉐어링크 활동의 일환으로, 이에 따른 일정액의 수수료를 제공받습니다."
2026-10-06,18:30,threads,carousel,https://shopping.toss.im/live/temp/2026-03-10/7d68b58b-1dcb-432b-ac8f-3c818fc23efa.jpeg;https://shopping.toss.im/live/temp/2026-03-10/38e9363b-ab37-4c4e-a850-bf37813d6fca.jpeg;https://shopping.toss.im/live/temp/2026-03-10/f76377de-5c23-4e56-a614-6c3e1eba1da6.jpeg;https://shopping.toss.im/live/temp/2026-03-10/d1ad84fe-8a56-4099-a2f7-d75abcc47565.jpeg,"할인율 34%, 가격이 괜찮아요.\n\n44,900원 → 29,300원\n후기 17개 · 평점 4.6\n\n링크는 댓글에 있어요.",,,"※ 이 포스팅은 토스쇼핑 쉐어링크 활동의 일환으로, 이에 따른 일정액의 수수료를 제공받습니다.\n보노하우스 화이트 이노스 우드상판 서랍장, 화이트(내추럴오크), 562mm, 2단\nhttps://toss.shopping/_m/rK7ZhqR\n\n가격·할인은 글 예약 시점 기준이라 바뀔 수 있어요."
